Variety,Rep,Inf. Code,DAF,"Visual amber ratio
(%)",Fresh weight (gr),Dry weight (gr),Total CBD,Total THC,Total CBG,Total THCV,Total CBDV,Total CBGV,Total CBC,Total Cannabinoids,location,number,G-clear_count,G-cloudy_count,G-amber_count,G-clear_normalized,G-cloudy_normalized,G-amber_normalized,day_number,flower_index,Plant_id,VARIETY,location,number,L-clear_count,L-cloudy_count,L-amber_count,L-clear_normalized,L-cloudy_normalized,L-amber_normalized,day_number,flower_index,Plant_id
611,1,1,51,0,18.1,3.81,0.07,8.51,0.66,0.00,0.00,0.00,0.10,9.34,greenhouse,1,222,489,26,0.3012,0.6635,0.0353,1,1,1,611,,,,,,,,,,,
611,2,2,51,0,19.24,4,0.08,10.19,0.74,0.04,0.00,0.00,0.20,11.25,greenhouse,2,68,292,21,0.1785,0.7664,0.0551,1,2,2,611,,,,,,,,,,,
611,3,3,51,0,17.7,3.98,0.09,12.37,0.85,0.04,0.00,0.00,0.20,13.55,greenhouse,3,567,437,18,0.5548,0.4276,0.0176,1,3,3,611,,,,,,,,,,,
611,4,4,51,0,19.21,4.07,0.07,8.11,0.72,0.00,0.00,0.00,0.23,9.13,greenhouse,4,556,302,23,0.6311,0.3428,0.0261,1,4,4,611,,,,,,,,,,,
611,5,5,51,0,17.5,3.74,0.07,9.45,0.81,0.04,0.00,0.00,0.19,10.56,greenhouse,5,531,526,38,0.4849,0.4804,0.0347,1,5,5,611,,,,,,,,,,,
611,1,31,55,0,26.42,5.71,0.08,10.91,0.63,0.03,0.00,0.00,0.12,11.77,greenhouse,,,,,,,,,,,,,,,,,,,,,,
611,2,32,55,0,21.72,4.55,0.16,12.34,0.74,0.03,0.00,0.00,0.28,13.55,greenhouse,,,,,,,,,,,,,,,,,,,,,,
611,3,33,55,0,18.6,3.97,0.10,13.60,0.81,0.03,0.00,0.00,0.48,15.02,greenhouse,,,,,,,,,,,,,,,,,,,,,,
611,4,34,55,0,12.13,2.52,0.09,13.56,0.62,0.00,0.00,0.00,0.19,14.47,greenhouse,,,,,,,,,,,,,,,,,,,,,,
611,5,35,55,0,32.21,6.92,0.06,8.70,0.42,0.00,0.00,0.00,0.16,9.34,greenhouse,,,,,,,,,,,,,,,,,,,,,,
611,1,61,58,0,20.9,4.92,0.09,11.90,0.40,0.00,0.00,0.00,0.11,12.50,greenhouse,61,652,1251,49,0.334,0.6409,0.0251,3,121,1,611,lab,61,210,702,35,0.2218,0.7413,0.037,3,121,1
611,2,62,58,0,17.9,4.1,0.08,13.02,0.50,0.00,0.00,0.00,0.10,13.70,greenhouse,62,2036,758,28,0.7215,0.2686,0.0099,3,122,2,611,lab,62,152,114,8,0.5547,0.4161,0.0292,3,122,2
611,3,63,58,0,33.95,7.33,0.07,10.89,0.41,0.00,0.00,0.00,0.10,11.47,greenhouse,63,1178,213,5,0.8438,0.1526,0.0036,3,123,3,611,lab,63,168,505,18,0.2431,0.7308,0.026,3,123,3
611,4,64,58,0,33.11,7.5,0.07,12.20,0.51,0.00,0.00,0.00,0.11,12.90,greenhouse,64,1165,440,15,0.7191,0.2716,0.0093,3,124,4,611,lab,64,379,226,12,0.6143,0.3663,0.0194,3,124,4
611,5,65,58,0,18.55,4.35,0.09,16.43,0.59,0.00,0.00,0.00,0.23,17.35,greenhouse,65,1186,476,12,0.7085,0.2843,0.0072,3,125,5,611,lab,65,389,206,19,0.6336,0.3355,0.0309,3,125,5
611,1,91,62,0,35.47,7.93,0.07,11.07,0.35,0.00,0.00,0.00,0.00,11.49,greenhouse,91,443,1844,48,0.1897,0.7897,0.0206,4,181,1,611,lab,91,572,1887,102,0.2234,0.7368,0.0398,4,181,1
611,2,92,62,0,17.31,3.86,0.09,15.48,0.54,0.00,0.00,0.00,0.11,16.22,greenhouse,92,126,644,5,0.1626,0.831,0.0065,4,182,2,611,lab,92,180,211,6,0.4534,0.5315,0.0151,4,182,2
611,3,93,62,0,27.44,6.14,0.07,11.92,0.37,0.00,0.00,0.00,0.11,12.47,greenhouse,93,354,954,11,0.2684,0.7233,0.0083,4,183,3,611,lab,93,742,1940,67,0.2699,0.7057,0.0244,4,183,3
611,4,94,62,0,24.93,5.59,0.09,16.91,0.66,0.00,0.00,0.00,0.16,17.82,greenhouse,94,554,2927,130,0.1534,0.8106,0.036,4,184,4,611,lab,94,1034,1193,75,0.4492,0.5182,0.0326,4,184,4
611,5,95,62,0,21.35,4.93,0.10,16.99,0.52,0.00,0.00,0.00,0.18,17.78,greenhouse,95,640,1804,80,0.2536,0.7147,0.0317,4,185,5,611,lab,95,226,622,52,0.2511,0.6911,0.0578,4,185,5
611,1,121,65,0,31.34,7.07,0.07,11.07,0.36,0.00,0.00,0.00,0.00,11.50,greenhouse,121,117,1056,75,0.0938,0.8462,0.0601,5,241,1,611,lab,121,376,825,21,0.3077,0.6751,0.0172,5,241,1
611,2,122,65,0,16.51,3.7,0.19,17.01,0.57,0.00,0.00,0.00,0.00,17.77,greenhouse,122,175,1238,42,0.1203,0.8509,0.0289,5,242,2,611,lab,122,489,873,14,0.3554,0.6344,0.0102,5,242,2
611,3,123,65,0,25.98,5.93,0.07,11.27,0.38,0.00,0.00,0.00,0.00,11.72,greenhouse,123,809,3051,144,0.202,0.762,0.036,5,243,3,611,lab,123,463,664,48,0.394,0.5651,0.0409,5,243,3
611,4,124,65,0,31.24,6.76,0.07,12.89,0.50,0.00,0.00,0.00,0.18,13.64,greenhouse,124,715,1396,147,0.3167,0.6182,0.0651,5,244,4,611,lab,124,333,479,24,0.3983,0.573,0.0287,5,244,4
611,5,125,65,0,20.37,4.53,0.07,12.03,0.42,0.00,0.00,0.00,0.00,12.52,greenhouse,125,1189,2339,93,0.3284,0.646,0.0257,5,245,5,611,lab,125,210,417,20,0.3246,0.6445,0.0309,5,245,5
611,1,151,69,0,15.76,3.66,0.10,14.38,0.42,0.00,0.00,0.00,0.13,15.02,greenhouse,151,195,1156,46,0.1396,0.8275,0.0329,6,301,1,611,lab,151,299,841,42,0.253,0.7115,0.0355,6,301,1
611,2,152,69,0,24.56,5.64,0.08,13.47,0.37,0.00,0.00,0.00,0.07,13.99,greenhouse,152,126,1070,58,0.1005,0.8533,0.0463,6,302,2,611,lab,152,329,1073,121,0.216,0.7045,0.0794,6,302,2
611,3,153,69,0,28.88,6.32,0.08,12.89,0.38,0.00,0.00,0.00,0.07,13.42,greenhouse,153,673,3219,27,0.1717,0.8214,0.0069,6,303,3,611,lab,153,491,1405,13,0.2572,0.736,0.0068,6,303,3
611,4,154,69,10,26,5.95,0.08,11.72,0.39,0.00,0.00,0.00,0.07,12.26,greenhouse,154,625,1747,241,0.2392,0.6686,0.0922,6,304,4,611,lab,154,54,387,16,0.1182,0.8468,0.035,6,304,4
611,5,155,69,0,19.97,4.56,0.10,14.29,0.48,0.00,0.00,0.00,0.15,15.02,greenhouse,155,748,1524,66,0.3199,0.6518,0.0282,6,305,5,611,lab,155,207,1364,53,0.1275,0.8399,0.0326,6,305,5
611,1,181,72,10,17.91,4.17,0.13,12.04,0.34,0.00,0.00,0.00,0.06,12.57,greenhouse,181,122,1449,118,0.0722,0.8579,0.0699,7,361,1,611,lab,181,336,795,76,0.2784,0.6587,0.063,7,361,1
611,2,182,72,0,15.44,3.43,0.12,15.45,0.38,0.00,0.00,0.00,0.09,16.03,greenhouse,182,211,1947,55,0.0953,0.8798,0.0249,7,362,2,611,lab,182,260,874,49,0.2198,0.7388,0.0414,7,362,2
611,3,183,72,0,24.73,5.72,0.10,14.39,0.44,0.00,0.00,0.00,0.07,15.00,greenhouse,183,922,3811,266,0.1844,0.7624,0.0532,7,363,3,611,lab,183,470,751,37,0.3736,0.597,0.0294,7,363,3
611,4,184,72,10,18,3.97,0.11,15.42,0.46,0.00,0.00,0.00,0.08,16.08,greenhouse,184,872,3269,159,0.2028,0.7602,0.037,7,364,4,611,lab,184,430,667,38,0.3789,0.5877,0.0335,7,364,4
611,5,185,72,0,14.13,2.86,0.10,13.07,0.32,0.00,0.00,0.00,0.08,13.57,greenhouse,185,338,2336,82,0.1226,0.8476,0.0298,7,365,5,611,lab,185,446,698,46,0.3748,0.5866,0.0387,7,365,5
611,1,211,76,10,20.56,4.49,0.08,11.54,0.21,0.00,0.00,0.00,0.08,11.92,greenhouse,,,,,,,,,,,,,,,,,,,,,,
611,2,212,76,15,14.38,3.26,0.14,15.89,0.38,0.00,0.00,0.00,0.19,16.59,greenhouse,,,,,,,,,,,,,,,,,,,,,,
611,3,213,76,10,26.46,6.16,0.10,11.32,0.33,0.00,0.00,0.00,0.17,11.92,greenhouse,,,,,,,,,,,,,,,,,,,,,,
611,4,214,76,10,21.77,4.94,0.09,14.72,0.36,0.00,0.00,0.00,0.17,15.35,greenhouse,,,,,,,,,,,,,,,,,,,,,,
611,5,215,76,10,14.15,2.77,0.09,10.38,0.20,0.00,0.00,0.00,0.18,10.85,greenhouse,,,,,,,,,,,,,,,,,,,,,,
611,1,241,79,20,16.71,,0.10,13.66,0.31,0.00,0.00,0.00,0.00,14.07,greenhouse,241,373,1262,253,0.1976,0.6684,0.134,9,481,1,611,lab,241,383,671,76,0.3389,0.5938,0.0673,9,481,1
611,2,242,79,20,16.48,,0.09,10.93,0.25,0.00,0.00,0.00,0.06,11.33,greenhouse,242,220,1912,111,0.0981,0.8524,0.0495,9,482,2,611,lab,242,481,1020,121,0.2965,0.6289,0.0746,9,482,2
611,3,243,79,10,26.56,,0.07,9.78,0.25,0.00,0.00,0.00,0.05,10.17,greenhouse,243,963,2449,197,0.2668,0.6786,0.0546,9,483,3,611,lab,243,284,973,31,0.2205,0.7554,0.0241,9,483,3
611,4,244,79,10,12.91,,0.08,10.78,0.28,0.00,0.00,0.00,0.05,11.20,greenhouse,244,459,1268,186,0.2399,0.6628,0.0972,9,484,4,611,lab,244,191,322,21,0.3577,0.603,0.0393,9,484,4
611,5,245,79,10,15.67,,0.07,7.92,0.16,0.00,0.00,0.00,0.05,8.21,greenhouse,245,287,1707,190,0.1314,0.7816,0.087,9,485,5,611,lab,245,171,424,4,0.2855,0.7078,0.0067,9,485,5
616,1,6,51,0,16.7,3.77,0.08,10.79,0.89,0.05,0.00,0.00,0.19,12.00,greenhouse,6,698,648,78,0.4902,0.4551,0.0548,1,6,6,616,,,,,,,,,,,
616,2,7,51,0,14.62,3.37,0.09,13.21,0.99,0.07,0.00,0.00,0.28,14.63,greenhouse,7,198,967,38,0.1646,0.8038,0.0316,1,7,7,616,,,,,,,,,,,
616,3,8,51,0,12.15,2.78,0.09,12.68,0.95,0.06,0.00,0.00,0.22,14.01,greenhouse,8,690,585,50,0.5208,0.4415,0.0377,1,8,8,616,,,,,,,,,,,
616,4,9,51,0,18.5,4.48,0.09,13.56,1.00,0.07,0.00,0.00,0.20,14.92,greenhouse,9,264,724,116,0.2391,0.6558,0.1051,1,9,9,616,,,,,,,,,,,
616,5,10,51,0,20.16,4.62,0.10,15.50,1.24,0.08,0.00,0.00,0.25,17.18,greenhouse,10,489,1343,121,0.2504,0.6877,0.062,1,10,10,616,,,,,,,,,,,
616,1,36,55,0,17.07,3.97,0.12,18.45,1.21,0.07,0.00,0.00,0.24,20.09,,,,,,,,,,,,,,,,,,,,,,,
616,2,37,55,0,17.18,3.41,0.10,16.77,1.05,0.06,0.00,0.00,0.21,18.19,,,,,,,,,,,,,,,,,,,,,,,
616,3,38,55,0,12.41,2.78,0.10,16.53,1.05,0.07,0.00,0.00,0.18,17.94,,,,,,,,,,,,,,,,,,,,,,,
616,4,39,55,0,23.97,5.31,0.10,18.28,1.12,0.07,0.00,0.00,0.17,19.74,,,,,,,,,,,,,,,,,,,,,,,
616,5,40,55,0,22.26,5.06,0.11,18.99,1.13,0.07,0.00,0.00,0.21,20.52,,,,,,,,,,,,,,,,,,,,,,,
616,1,66,58,0,23.95,5.88,0.08,15.25,0.66,0.04,0.00,0.00,0.12,16.13,greenhouse,66,2349,642,32,0.777,0.2124,0.0106,3,126,6,616,lab,66,379,620,194,0.3177,0.5197,0.1626,3,126,6
616,2,67,58,0,22.45,5.47,0.09,18.50,0.82,0.07,0.00,0.00,0.12,19.61,greenhouse,67,992,1459,88,0.3907,0.5746,0.0347,3,127,7,616,lab,67,623,790,30,0.4317,0.5475,0.0208,3,127,7
616,3,68,58,0,25.36,5.83,0.08,16.47,0.70,0.04,0.00,0.00,0.12,17.42,greenhouse,68,1843,815,88,0.6712,0.2968,0.032,3,128,8,616,lab,68,380,602,50,0.3682,0.5833,0.0484,3,128,8
616,4,69,58,0,27.57,6.25,0.08,16.21,0.73,0.06,0.00,0.00,0.00,17.08,greenhouse,69,2598,924,22,0.7331,0.2607,0.0062,3,129,9,616,lab,69,162,94,16,0.5956,0.3456,0.0588,3,129,9
616,5,70,58,0,20.07,4.71,0.10,17.06,0.70,0.07,0.00,0.00,0.19,18.12,greenhouse,70,1110,596,43,0.6346,0.3408,0.0246,3,130,10,616,lab,70,644,639,31,0.4901,0.4863,0.0236,3,130,10
616,1,96,62,0,26.27,6.16,0.11,17.52,0.65,0.06,0.00,0.00,0.24,18.60,greenhouse,96,188,922,33,0.1645,0.8066,0.0289,4,186,6,616,lab,96,70,428,27,0.1333,0.8152,0.0514,4,186,6
616,2,97,62,0,19.21,4.4,0.08,16.59,0.53,0.06,0.00,0.00,0.18,17.45,greenhouse,97,168,763,11,0.1783,0.81,0.0117,4,187,7,616,lab,97,289,927,109,0.2181,0.6996,0.0823,4,187,7
616,3,98,62,0,27.21,6.22,0.11,18.18,0.67,0.07,0.00,0.00,0.24,19.29,greenhouse,98,259,1034,70,0.19,0.7586,0.0514,4,188,8,616,lab,98,406,879,104,0.2923,0.6328,0.0749,4,188,8
616,4,99,62,0,32.8,7.3,0.08,16.68,0.68,0.06,0.00,0.00,0.00,17.50,greenhouse,99,630,1294,43,0.3203,0.6579,0.0219,4,189,9,616,lab,99,557,1340,85,0.281,0.6761,0.0429,4,189,9
616,5,100,62,0,19.19,4.19,0.09,18.75,0.60,0.08,0.00,0.00,0.24,19.76,greenhouse,100,480,1952,185,0.1834,0.7459,0.0707,4,190,10,616,lab,100,539,1915,364,0.1913,0.6796,0.1292,4,190,10
616,1,126,65,0,22.84,5.27,0.08,15.60,0.58,0.06,0.00,0.00,0.19,16.51,greenhouse,126,375,1353,92,0.206,0.7434,0.0505,5,246,6,616,lab,126,397,522,50,0.4097,0.5387,0.0516,5,246,6
616,2,127,65,0,24.68,5.56,0.08,16.84,0.59,0.06,0.00,0.00,0.07,17.64,greenhouse,127,168,668,95,0.1805,0.7175,0.102,5,247,7,616,lab,127,265,447,23,0.3605,0.6082,0.0313,5,247,7
616,3,128,65,0,14.01,2.88,0.11,20.73,0.64,0.08,0.00,0.00,0.26,21.82,greenhouse,128,170,375,17,0.3025,0.6673,0.0302,5,248,8,616,lab,128,348,284,27,0.5281,0.431,0.041,5,248,8
616,4,129,65,0,17.14,3.83,0.09,17.44,0.57,0.07,0.00,0.00,0.07,18.25,greenhouse,129,826,1258,151,0.3696,0.5629,0.0676,5,249,9,616,lab,129,511,607,58,0.4345,0.5162,0.0493,5,249,9
616,5,130,65,0,19.42,4.17,0.10,18.88,0.59,0.08,0.00,0.00,0.25,19.89,greenhouse,130,364,1475,177,0.1806,0.7316,0.0878,5,250,10,616,lab,130,524,438,11,0.5385,0.4502,0.0113,5,250,10
616,1,156,69,5,26.21,6,0.10,14.49,0.44,0.05,0.00,0.00,0.07,15.15,greenhouse,156,183,1010,94,0.1422,0.7848,0.073,6,306,6,616,lab,156,316,705,69,0.2899,0.6468,0.0633,6,306,6
616,2,157,69,0,24.48,5.49,0.11,17.25,0.53,0.06,0.00,0.00,0.20,18.14,greenhouse,157,106,697,47,0.1247,0.82,0.0553,6,307,7,616,lab,157,356,1223,151,0.2058,0.7069,0.0873,6,307,7
616,3,158,69,0,17.48,3.76,0.11,18.12,0.56,0.07,0.00,0.00,0.21,19.07,greenhouse,158,181,731,88,0.181,0.731,0.088,6,308,8,616,lab,158,352,1044,116,0.2328,0.6905,0.0767,6,308,8
616,4,159,69,10,27.87,6.71,0.08,13.18,0.30,0.11,0.00,0.00,0.18,13.85,greenhouse,159,430,3363,362,0.1035,0.8094,0.0871,6,309,9,616,lab,159,175,773,90,0.1686,0.7447,0.0867,6,309,9
616,5,160,69,5,30.68,6.72,0.11,16.76,0.50,0.07,0.00,0.00,0.09,17.52,greenhouse,160,307,938,85,0.2308,0.7053,0.0639,6,310,10,616,lab,160,145,661,20,0.1755,0.8002,0.0242,6,310,10
616,1,186,72,10,18.67,4.06,0.10,15.04,0.40,0.05,0.00,0.00,0.05,15.65,greenhouse,186,193,650,109,0.2027,0.6828,0.1145,7,366,6,616,lab,186,387,538,13,0.4126,0.5736,0.0139,7,366,6
616,2,187,72,5,19.77,4.43,0.13,16.24,0.46,0.07,0.00,0.00,0.06,16.96,greenhouse,187,233,1114,90,0.1621,0.7752,0.0626,7,367,7,616,lab,187,524,930,50,0.3484,0.6184,0.0332,7,367,7
616,3,188,72,10,16.88,3.87,0.12,17.24,0.49,0.07,0.00,0.00,0.06,17.97,greenhouse,188,600,1589,142,0.2574,0.6817,0.0609,7,368,8,616,lab,188,352,779,69,0.2933,0.6492,0.0575,7,368,8
616,4,189,72,0,10.36,2.3,0.19,14.52,0.38,0.06,0.00,0.00,0.08,15.23,greenhouse,189,773,1642,136,0.303,0.6437,0.0533,7,369,9,616,lab,189,402,395,21,0.4914,0.4829,0.0257,7,369,9
616,5,190,72,10,16.27,3.66,0.16,15.83,0.42,0.04,0.00,0.00,0.29,16.76,greenhouse,190,469,1458,297,0.2109,0.6556,0.1335,7,370,10,616,lab,190,975,2113,237,0.2932,0.6355,0.0713,7,370,10
616,1,216,76,10,21.01,4.48,0.08,14.30,0.33,0.03,0.00,0.00,0.05,14.80,,,,,,,,,,,,,,,,,,,,,,,
616,2,217,76,20,24.98,5.35,0.12,15.45,0.38,0.04,0.00,0.00,0.05,16.03,,,,,,,,,,,,,,,,,,,,,,,
616,3,218,76,25,9.59,2.11,0.13,17.79,0.49,0.05,0.00,0.00,0.10,18.57,,,,,,,,,,,,,,,,,,,,,,,
616,4,219,76,20,19.79,4.58,0.09,14.40,0.45,0.05,0.00,0.00,0.05,15.04,,,,,,,,,,,,,,,,,,,,,,,
616,5,220,76,20,19.98,2.61,0.11,16.22,0.35,0.06,0.00,0.00,0.05,16.80,,,,,,,,,,,,,,,,,,,,,,,
616,1,246,79,20,22.95,,0.10,12.45,0.25,0.00,0.00,0.00,0.11,12.90,greenhouse,246,135,628,91,0.1581,0.7354,0.1066,9,486,6,616,lab,246,300,377,18,0.4317,0.5424,0.0259,9,486,6
616,2,247,79,20,15.2,,0.09,14.39,0.31,0.03,0.00,0.00,0.13,14.95,greenhouse,247,224,608,54,0.2528,0.6862,0.0609,9,487,7,616,lab,247,195,522,117,0.2338,0.6259,0.1403,9,487,7
616,3,248,79,30,13.26,,0.11,14.99,0.44,0.06,0.00,0.00,0.05,15.65,greenhouse,248,284,882,172,0.2123,0.6592,0.1286,9,488,8,616,lab,248,232,316,28,0.4028,0.5486,0.0486,9,488,8
616,4,249,79,20,14.47,,0.11,16.00,0.41,0.06,0.00,0.00,0.09,16.66,greenhouse,249,678,1077,100,0.3655,0.5806,0.0539,9,489,9,616,lab,249,403,516,32,0.4238,0.5426,0.0336,9,489,9
616,5,250,79,25,17.1,,0.09,13.98,0.28,0.05,0.00,0.00,0.06,14.46,greenhouse,250,644,1575,338,0.2519,0.616,0.1322,9,490,10,616,lab,250,319,342,24,0.4657,0.4993,0.035,9,490,10
202,1,11,51,0,12.18,2.38,2.35,1.65,0.54,0.00,0.00,0.00,0.13,4.68,greenhouse,11,210,94,4,0.6818,0.3052,0.013,1,11,11,202,,,,,,,,,,,
202,2,12,51,0,9.48,1.89,2.05,1.35,0.41,0.00,0.00,0.00,0.16,3.97,greenhouse,12,33,23,1,0.5789,0.4035,0.0175,1,12,12,202,,,,,,,,,,,
202,3,13,51,0,13.1,2.86,2.27,1.67,0.34,0.00,0.00,0.00,0.15,4.44,greenhouse,13,130,24,4,0.8228,0.1519,0.0253,1,13,13,202,,,,,,,,,,,
202,4,14,51,0,13.49,3.02,2.34,2.41,0.44,0.00,0.00,0.00,0.17,5.36,greenhouse,14,146,63,10,0.6667,0.2877,0.0457,1,14,14,202,,,,,,,,,,,
202,5,15,51,0,8.29,2.96,2.19,1.54,0.35,0.00,0.00,0.00,0.17,4.24,greenhouse,15,69,39,1,0.633,0.3578,0.0092,1,15,15,202,,,,,,,,,,,
202,1,41,55,0,19.5,3.77,3.14,2.21,0.38,0.00,0.00,0.00,0.22,5.94,,,,,,,,,,,,,,,,,,,,,,,
202,2,42,55,0,16,3.18,4.22,2.99,0.50,0.00,0.06,0.00,0.33,8.09,,,,,,,,,,,,,,,,,,,,,,,
202,3,43,55,0,16.1,3.3,2.96,2.11,0.39,0.00,0.00,0.00,0.37,5.83,,,,,,,,,,,,,,,,,,,,,,,
202,4,44,55,0,14.41,2.86,2.72,1.90,0.32,0.00,0.00,0.00,0.22,5.16,,,,,,,,,,,,,,,,,,,,,,,
202,5,45,55,0,19.19,3.83,3.40,2.37,0.41,0.00,0.00,0.00,0.19,6.37,,,,,,,,,,,,,,,,,,,,,,,
202,1,71,58,0,17.32,3.78,5.96,4.57,0.66,0.00,0.06,0.00,0.17,11.42,greenhouse,71,1214,196,7,0.8567,0.1383,0.0049,3,131,11,202,lab,71,182,305,53,0.337,0.5648,0.0981,3,131,11
202,2,72,58,0,23,4.84,4.08,3.01,0.43,0.00,0.00,0.00,0.17,7.70,greenhouse,72,564,138,6,0.7966,0.1949,0.0085,3,132,12,202,lab,72,74,20,2,0.7708,0.2083,0.0208,3,132,12
202,3,73,58,0,20.22,4.42,3.55,2.57,0.36,0.00,0.00,0.00,0.15,6.63,greenhouse,73,326,90,9,0.7671,0.2118,0.0212,3,133,13,202,lab,73,139,47,16,0.6881,0.2327,0.0792,3,133,13
202,4,74,58,0,20.64,4.51,3.41,2.45,0.35,0.00,0.00,0.00,0.13,6.34,greenhouse,74,340,104,15,0.7407,0.2266,0.0327,3,134,14,202,lab,74,403,110,19,0.7575,0.2068,0.0357,3,134,14
202,5,75,58,0,23.22,5.02,3.07,2.26,0.31,0.00,0.00,0.00,0.13,5.77,greenhouse,75,301,71,7,0.7942,0.1873,0.0185,3,135,15,202,lab,75,197,70,7,0.719,0.2555,0.0255,3,135,15
202,1,101,62,0,21.08,4.44,7.51,5.78,0.84,0.00,0.06,0.00,0.23,14.42,greenhouse,101,479,658,5,0.4194,0.5762,0.0044,4,191,11,202,lab,101,267,429,36,0.3648,0.5861,0.0492,4,191,11
202,2,102,62,0,22.14,4.51,6.24,4.73,0.68,0.00,0.06,0.00,0.26,11.96,greenhouse,102,149,278,2,0.3473,0.648,0.0047,4,192,12,202,lab,102,220,556,28,0.2736,0.6915,0.0348,4,192,12
202,3,103,62,0,26.53,5.67,6.83,5.05,0.81,0.00,0.06,0.00,0.23,12.99,greenhouse,103,318,766,20,0.288,0.6938,0.0181,4,193,13,202,lab,103,465,718,41,0.3799,0.5866,0.0335,4,193,13
202,4,104,62,0,18.47,3.87,6.96,5.38,0.82,0.00,0.07,0.00,0.27,13.50,greenhouse,104,319,545,45,0.3509,0.5996,0.0495,4,194,14,202,lab,104,511,769,59,0.3816,0.5743,0.0441,4,194,14
202,5,105,62,0,32.87,6.92,3.52,2.59,0.39,0.00,0.00,0.00,0.10,6.60,greenhouse,105,133,260,5,0.3342,0.6533,0.0126,4,195,15,202,lab,105,312,786,98,0.2609,0.6572,0.0819,4,195,15
202,1,131,65,0,24.51,5.06,6.77,7.51,1.00,0.00,0.06,0.00,0.22,15.56,greenhouse,131,375,503,18,0.4185,0.5614,0.0201,5,251,11,202,lab,131,827,477,31,0.6195,0.3573,0.0232,5,251,11
202,2,132,65,0,24.39,4.97,6.50,5.04,0.91,0.00,0.06,0.00,0.26,12.77,greenhouse,132,276,410,14,0.3943,0.5857,0.02,5,252,12,202,lab,132,291,201,18,0.5706,0.3941,0.0353,5,252,12
202,3,133,65,0,18.51,3.97,6.98,5.37,0.97,0.00,0.06,0.00,0.26,13.64,greenhouse,133,300,613,30,0.3181,0.6501,0.0318,5,253,13,202,lab,133,335,274,4,0.5465,0.447,0.0065,5,253,13
202,4,134,65,0,19.31,3.95,7.09,5.59,1.03,0.00,0.07,0.00,0.12,13.90,greenhouse,134,368,677,23,0.3446,0.6339,0.0215,5,254,14,202,lab,134,478,211,3,0.6908,0.3049,0.0043,5,254,14
202,5,135,65,0,24.63,5.22,6.61,5.06,0.90,0.00,0.06,0.00,0.11,12.75,greenhouse,135,391,573,35,0.3914,0.5736,0.035,5,255,15,202,lab,135,263,152,4,0.6277,0.3628,0.0095,5,255,15
202,1,161,69,0,18.13,3.91,6.18,5.06,0.75,0.00,0.06,0.08,0.17,12.29,greenhouse,161,379,785,21,0.3198,0.6624,0.0177,6,311,11,202,lab,161,356,778,86,0.2918,0.6377,0.0705,6,311,11
202,2,162,69,5,21.94,4.7,4.30,3.31,0.54,0.00,0.05,0.06,0.17,8.43,greenhouse,162,220,543,21,0.2806,0.6926,0.0268,6,312,12,202,lab,162,466,589,42,0.4248,0.5369,0.0383,6,312,12
202,3,163,69,0,22.86,4.94,4.30,3.24,0.56,0.00,0.05,0.00,0.18,8.34,greenhouse,163,277,436,31,0.3723,0.586,0.0417,6,313,13,202,lab,163,164,314,19,0.33,0.6318,0.0382,6,313,13
202,4,164,69,5,33.99,7.31,4.34,3.31,0.58,0.00,0.05,0.00,0.17,8.45,greenhouse,164,607,646,25,0.475,0.5055,0.0196,6,314,14,202,lab,164,82,246,24,0.233,0.6989,0.0682,6,314,14
202,5,165,69,0,32.93,7.3,3.75,2.89,0.51,0.00,0.05,0.06,0.16,7.41,greenhouse,165,647,1327,56,0.3187,0.6537,0.0276,6,315,15,202,lab,165,117,378,26,0.2246,0.7255,0.0499,6,315,15
202,1,191,72,10,26.99,5.87,6.07,5.14,0.67,0.00,0.06,0.00,0.13,12.07,greenhouse,191,326,1020,99,0.2256,0.7059,0.0685,7,371,11,202,lab,191,467,758,68,0.3612,0.5862,0.0526,7,371,11
202,2,192,72,5,15.9,3.41,6.19,4.95,0.66,0.00,0.06,0.00,0.15,12.00,greenhouse,192,371,1349,16,0.2137,0.7771,0.0092,7,372,12,202,lab,192,338,513,71,0.3666,0.5564,0.077,7,372,12
202,3,193,72,0,26.68,5.49,3.31,2.52,0.39,0.00,0.00,0.00,0.22,6.43,greenhouse,193,616,901,25,0.3995,0.5843,0.0162,7,373,13,202,lab,193,435,172,10,0.705,0.2788,0.0162,7,373,13
202,4,194,72,5,13.98,2.92,4.15,3.14,0.44,0.00,0.00,0.00,0.08,7.82,greenhouse,194,278,574,25,0.317,0.6545,0.0285,7,374,14,202,lab,194,374,96,4,0.789,0.2025,0.0084,7,374,14
202,5,195,72,5,30.75,6.53,4.15,3.18,0.48,0.00,0.00,0.00,0.08,7.90,greenhouse,195,869,1550,32,0.3545,0.6324,0.0131,7,375,15,202,lab,195,604,792,41,0.4203,0.5511,0.0285,7,375,15
202,1,221,76,10,16.76,3.43,6.71,5.53,0.81,0.00,0.06,0.00,0.22,13.34,,,,,,,,,,,,,,,,,,,,,,,
202,2,222,76,10,19.36,4.06,4.79,3.90,0.64,0.00,0.05,0.00,0.22,9.60,,,,,,,,,,,,,,,,,,,,,,,
202,3,223,76,5,18.72,3.83,5.94,4.71,0.76,0.00,0.06,0.00,0.26,11.72,,,,,,,,,,,,,,,,,,,,,,,
202,4,224,76,5,18.26,3.71,6.03,4.65,0.72,0.00,0.06,0.00,0.26,11.71,,,,,,,,,,,,,,,,,,,,,,,
202,5,225,76,10,17.24,3.55,5.67,4.51,0.68,0.00,0.06,0.00,0.11,11.04,,,,,,,,,,,,,,,,,,,,,,,
202,1,251,79,20,16.42,,6.16,5.06,0.73,0.00,0.06,0.00,0.27,12.28,greenhouse,251,653,2369,82,0.2104,0.7632,0.0264,9,491,11,202,lab,251,605,553,87,0.4859,0.4442,0.0699,9,491,11
202,2,252,79,20,8.78,,4.49,3.53,0.50,0.00,0.00,0.00,0.28,8.79,greenhouse,252,302,659,61,0.2955,0.6448,0.0597,9,492,12,202,lab,252,451,292,18,0.5926,0.3837,0.0237,9,492,12
202,3,253,79,20,35.13,,4.81,3.76,0.57,0.00,0.06,0.00,0.25,9.44,,,,,,,,,,,,,lab,253,747,730,22,0.4983,0.487,0.0147,9,493,13
202,4,254,79,10,18.55,,5.62,4.47,0.65,0.00,0.06,0.00,0.34,11.14,greenhouse,254,425,1371,107,0.2233,0.7204,0.0562,9,494,14,202,lab,254,165,275,24,0.3556,0.5927,0.0517,9,494,14
202,5,255,79,20,27.37,,4.50,3.58,0.50,0.00,0.06,0.00,0.27,8.91,greenhouse,255,741,1748,85,0.2879,0.6791,0.033,9,495,15,202,lab,255,338,447,7,0.4268,0.5644,0.0088,9,495,15
1416-3,1,16,51,0,16.15,3.3,0.07,6.58,0.26,0.06,0.00,0.00,0.11,7.08,greenhouse,16,333,456,141,0.3581,0.4903,0.1516,1,16,16,1416-3,,,,,,,,,,,
1416-3,2,17,51,0,16.4,3.6,0.14,14.80,0.54,0.15,0.00,0.00,0.20,15.83,greenhouse,17,32,532,99,0.0483,0.8024,0.1493,1,17,17,1416-3,,,,,,,,,,,
1416-3,3,18,51,0,11.5,2.57,1.40,9.93,0.65,0.09,0.00,0.00,0.19,12.27,greenhouse,18,408,707,86,0.3397,0.5887,0.0716,1,18,18,1416-3,,,,,,,,,,,
1416-3,4,19,51,0,16.67,3.67,0.10,12.57,0.59,0.12,0.00,0.00,0.17,13.55,greenhouse,19,511,796,62,0.3733,0.5814,0.0453,1,19,19,1416-3,,,,,,,,,,,
1416-3,5,20,51,0,14.37,3.16,0.11,14.89,0.63,0.14,0.00,0.00,0.47,16.24,greenhouse,20,238,649,66,0.2497,0.681,0.0693,1,20,20,1416-3,,,,,,,,,,,
1416-3,1,46,55,0,20.1,4.36,0.10,15.00,0.63,0.12,0.00,0.00,0.13,15.98,,,,,,,,,,,,,,,,,,,,,,,
1416-3,2,47,55,0,9.9,2.21,0.09,13.40,0.52,0.11,0.00,0.00,0.14,14.26,,,,,,,,,,,,,,,,,,,,,,,
1416-3,3,48,55,0,16.94,3.64,0.10,15.37,0.64,0.11,0.00,0.00,0.13,16.35,,,,,,,,,,,,,,,,,,,,,,,
1416-3,4,49,55,0,18.36,3.92,0.08,12.73,0.52,0.10,0.00,0.00,0.13,13.57,,,,,,,,,,,,,,,,,,,,,,,
1416-3,5,50,55,0,12.84,2.88,0.10,15.05,0.50,0.11,0.00,0.00,0.21,15.97,,,,,,,,,,,,,,,,,,,,,,,
1416-3,1,76,58,0,31.24,7.48,0.07,12.09,0.33,0.10,0.00,0.00,0.00,12.60,greenhouse,76,1568,821,47,0.6437,0.337,0.0193,3,136,16,1416-3,lab,76,321,682,198,0.2673,0.5679,0.1649,3,136,16
1416-3,2,77,58,0,12.38,2.92,0.11,17.91,0.43,0.15,0.00,0.00,0.18,18.78,greenhouse,77,526,1307,526,0.223,0.554,0.223,3,137,17,1416-3,lab,77,129,205,53,0.3333,0.5297,0.137,3,137,17
1416-3,3,78,58,0,23.28,5.31,0.10,15.10,0.44,0.13,0.00,0.00,0.13,15.90,greenhouse,78,1120,492,65,0.6679,0.2934,0.0388,3,138,18,1416-3,lab,78,180,111,12,0.5941,0.3663,0.0396,3,138,18
1416-3,4,79,58,0,24.87,5.97,0.17,10.93,0.34,0.08,0.00,0.00,0.10,11.60,greenhouse,79,1405,704,60,0.6478,0.3246,0.0277,3,139,19,1416-3,lab,79,139,109,20,0.5187,0.4067,0.0746,3,139,19
1416-3,5,80,58,0,13.44,2.99,0.09,14.19,0.37,0.10,0.00,0.00,0.10,14.85,greenhouse,80,658,222,36,0.7183,0.2424,0.0393,3,140,20,1416-3,lab,80,120,65,7,0.625,0.3385,0.0365,3,140,20
1416-3,1,106,62,0,24.99,5.92,0.10,16.25,0.37,0.14,0.00,0.00,0.18,17.04,greenhouse,106,194,1036,201,0.1356,0.724,0.1405,4,196,16,1416-3,lab,106,294,565,229,0.2702,0.5193,0.2105,4,196,16
1416-3,2,107,62,0,14.99,3.61,0.11,19.34,0.38,0.18,0.00,0.00,0.40,20.42,greenhouse,107,54,492,78,0.0865,0.7885,0.125,4,197,17,1416-3,lab,107,186,748,176,0.1676,0.6739,0.1586,4,197,17
1416-3,3,108,62,0,16.43,3.79,0.10,17.41,0.45,0.15,0.00,0.00,0.09,18.21,greenhouse,108,192,1536,210,0.0991,0.7926,0.1084,4,198,18,1416-3,lab,108,807,2015,327,0.2563,0.6399,0.1038,4,198,18
1416-3,4,109,62,0,18.03,4.31,0.09,17.53,0.44,0.14,0.00,0.00,0.21,18.41,greenhouse,109,500,1397,196,0.2389,0.6675,0.0936,4,199,19,1416-3,lab,109,723,1796,409,0.2469,0.6134,0.1397,4,199,19
1416-3,5,110,62,0,11.63,2.7,0.10,16.05,0.34,0.11,0.00,0.00,0.21,16.81,greenhouse,110,130,1036,35,0.1082,0.8626,0.0291,4,200,20,1416-3,lab,110,484,858,69,0.343,0.6081,0.0489,4,200,20
1416-3,1,136,65,5,16.67,3.99,0.14,15.84,0.38,0.13,0.00,0.00,0.10,16.61,greenhouse,136,113,985,200,0.0871,0.7589,0.1541,5,256,16,1416-3,lab,136,338,440,54,0.4062,0.5288,0.0649,5,256,16
1416-3,2,137,65,1,14.23,3.47,0.12,16.63,0.37,0.14,0.00,0.00,0.20,17.46,greenhouse,137,96,958,273,0.0723,0.7219,0.2057,5,257,17,1416-3,lab,137,190,510,95,0.239,0.6415,0.1195,5,257,17
1416-3,3,138,65,5,18.82,4.49,0.09,13.59,0.38,0.11,0.00,0.00,0.08,14.26,greenhouse,138,293,1289,554,0.1372,0.6035,0.2594,5,258,18,1416-3,lab,138,278,423,52,0.3692,0.5618,0.0691,5,258,18
1416-3,4,139,65,5,19.7,4.43,0.10,15.10,0.38,0.13,0.00,0.00,0.19,15.90,greenhouse,139,553,1313,477,0.236,0.5604,0.2036,5,259,19,1416-3,lab,139,422,533,119,0.3929,0.4963,0.1108,5,259,19
1416-3,5,140,65,1,10.67,2.29,0.09,13.33,0.25,0.11,0.00,0.00,0.17,13.95,greenhouse,140,100,1077,145,0.0756,0.8147,0.1097,5,260,20,1416-3,lab,140,226,428,35,0.328,0.6212,0.0508,5,260,20
1416-3,1,166,69,15,19.67,4.55,0.08,11.15,0.23,0.06,0.00,0.00,0.16,11.70,greenhouse,166,107,646,98,0.1257,0.7591,0.1152,6,316,16,1416-3,lab,166,227,787,201,0.1868,0.6477,0.1654,6,316,16
1416-3,2,167,69,10,24.23,5.75,0.10,17.04,0.33,0.15,0.00,0.00,0.19,17.81,greenhouse,167,76,425,66,0.134,0.7496,0.1164,6,317,17,1416-3,lab,167,149,918,312,0.108,0.6657,0.2263,6,317,17
1416-3,3,168,69,10,21.67,5.58,0.11,15.42,0.37,0.12,0.00,0.00,0.19,16.21,greenhouse,168,260,1636,200,0.124,0.7805,0.0954,6,318,18,1416-3,lab,168,203,389,21,0.3312,0.6346,0.0343,6,318,18
1416-3,4,169,69,10,19.08,4.37,0.09,10.89,0.23,0.09,0.00,0.00,0.10,11.39,greenhouse,169,347,1384,299,0.1709,0.6818,0.1473,6,319,19,1416-3,lab,169,119,551,121,0.1504,0.6966,0.153,6,319,19
1416-3,5,170,69,5,16.58,4,0.10,12.88,0.26,0.11,0.00,0.00,0.13,13.49,greenhouse,170,212,2354,154,0.0779,0.8654,0.0566,6,320,20,1416-3,lab,170,77,324,27,0.1799,0.757,0.0631,6,320,20
1416-3,1,196,72,10,34.28,8.17,0.10,11.69,0.22,0.07,0.00,0.00,0.09,12.17,greenhouse,196,446,2595,262,0.135,0.7856,0.0793,7,376,16,1416-3,lab,196,323,628,73,0.3154,0.6133,0.0713,7,376,16
1416-3,2,197,72,20,13.57,3.37,0.11,13.42,0.24,0.11,0.00,0.00,0.17,14.04,greenhouse,197,149,937,247,0.1118,0.7029,0.1853,7,377,17,1416-3,lab,197,420,567,127,0.377,0.509,0.114,7,377,17
1416-3,3,198,72,5,25.78,5.86,0.08,10.07,0.21,0.06,0.00,0.00,0.07,10.49,greenhouse,198,279,1978,132,0.1168,0.828,0.0553,7,378,18,1416-3,lab,198,440,399,21,0.5116,0.464,0.0244,7,378,18
1416-3,4,199,72,20,35.34,8.38,0.09,12.07,0.26,0.10,0.00,0.00,0.11,12.64,greenhouse,199,430,1806,467,0.1591,0.6681,0.1728,7,379,19,1416-3,lab,199,324,361,98,0.4138,0.461,0.1252,7,379,19
1416-3,5,200,72,20,9.62,2.36,0.10,12.65,0.23,0.10,0.00,0.00,0.11,13.19,greenhouse,200,126,1607,279,0.0626,0.7987,0.1387,7,380,20,1416-3,lab,200,269,785,103,0.2325,0.6785,0.089,7,380,20
1416-3,1,226,76,15,16.89,4.11,0.10,11.59,0.25,0.09,0.00,0.00,0.19,12.22,,,,,,,,,,,,,,,,,,,,,,,
1416-3,2,227,76,20,12.87,3.08,0.11,11.99,0.20,0.08,0.00,0.00,0.08,12.45,,,,,,,,,,,,,,,,,,,,,,,
1416-3,3,228,76,15,21.3,4.85,0.09,11.65,0.24,0.08,0.00,0.00,0.08,12.13,,,,,,,,,,,,,,,,,,,,,,,
1416-3,4,229,76,20,20.51,4.9,0.10,13.36,0.29,0.11,0.00,0.00,0.17,14.02,,,,,,,,,,,,,,,,,,,,,,,
1416-3,5,230,76,15,9.67,2.2,0.11,13.64,0.22,0.10,0.00,0.00,0.16,14.23,,,,,,,,,,,,,,,,,,,,,,,
1416-3,1,256,79,20,20.03,,0.11,13.15,0.25,0.09,0.00,0.00,0.27,13.86,greenhouse,256,181,594,121,0.202,0.6629,0.135,9,496,16,1416-3,lab,256,207,307,71,0.3538,0.5248,0.1214,9,496,16
1416-3,2,257,79,25,9.39,,0.11,14.76,0.26,0.10,0.00,0.00,0.26,15.48,greenhouse,257,146,1476,283,0.0766,0.7748,0.1486,9,497,17,1416-3,lab,257,207,391,78,0.3062,0.5784,0.1154,9,497,17
1416-3,3,258,79,20,22,,0.09,11.15,0.20,0.08,0.00,0.00,0.08,11.60,greenhouse,258,409,1596,144,0.1903,0.7427,0.067,9,498,18,1416-3,lab,258,308,530,53,0.3457,0.5948,0.0595,9,498,18
1416-3,4,259,79,20,25.91,,0.07,12.29,0.24,0.10,0.00,0.00,0.00,12.70,greenhouse,259,848,2179,423,0.2458,0.6316,0.1226,9,499,19,1416-3,lab,259,320,760,85,0.2747,0.6524,0.073,9,499,19
1416-3,5,260,79,15,11.85,,0.10,13.49,0.23,0.10,0.00,0.00,0.24,14.16,greenhouse,260,118,1157,156,0.0825,0.8085,0.109,9,500,20,1416-3,lab,260,286,564,34,0.3235,0.638,0.0385,9,500,20
901-1,1,21,51,0,7.74,1.65,0.07,6.43,0.53,0.04,0.00,0.00,0.35,7.41,greenhouse,21,103,1547,22,0.0616,0.9252,0.0132,1,21,21,901-1,,,,,,,,,,,
901-1,2,22,51,0,8.38,1.79,0.07,4.76,0.44,0.00,0.00,0.00,0.33,5.60,greenhouse,22,15,1113,13,0.0131,0.9755,0.0114,1,22,22,901-1,,,,,,,,,,,
901-1,3,23,51,0,8.16,1.74,0.06,6.19,0.49,0.00,0.00,0.00,0.41,7.15,greenhouse,23,90,3533,103,0.0242,0.9482,0.0276,1,23,23,901-1,,,,,,,,,,,
901-1,4,24,51,0,8.99,2.17,0.06,5.79,0.47,0.00,0.00,0.00,0.33,6.64,greenhouse,24,127,1229,18,0.0924,0.8945,0.0131,1,24,24,901-1,,,,,,,,,,,
901-1,5,25,51,0,11.31,2.52,0.06,5.02,0.41,0.00,0.00,0.00,0.34,5.82,greenhouse,25,205,2398,64,0.0769,0.8991,0.024,1,25,25,901-1,,,,,,,,,,,
901-1,1,51,55,0,10.75,2.46,0.07,9.09,0.62,0.00,0.00,0.00,0.11,9.90,,,,,,,,,,,,,,,,,,,,,,,
901-1,2,52,55,0,13.75,3.31,0.07,9.44,0.66,0.00,0.00,0.00,0.15,10.31,,,,,,,,,,,,,,,,,,,,,,,
901-1,3,53,55,0,10.64,2.56,0.08,10.03,0.58,0.00,0.00,0.00,0.18,10.86,,,,,,,,,,,,,,,,,,,,,,,
901-1,4,54,55,0,15.65,3.63,0.07,9.53,0.67,0.00,0.00,0.00,0.16,10.43,,,,,,,,,,,,,,,,,,,,,,,
901-1,5,55,55,0,15.38,3.35,0.06,7.70,0.54,0.00,0.00,0.00,0.17,8.48,,,,,,,,,,,,,,,,,,,,,,,
901-1,1,81,58,0,14.72,3.52,0.08,13.63,0.72,0.00,0.00,0.00,0.19,14.62,greenhouse,81,182,3066,37,0.0554,0.9333,0.0113,3,141,21,901-1,lab,81,194,1475,63,0.112,0.8516,0.0364,3,141,21
901-1,2,82,58,0,18.38,4.36,0.07,8.66,0.48,0.00,0.00,0.00,0.17,9.37,greenhouse,82,1179,2657,35,0.3046,0.6864,0.009,3,142,22,901-1,lab,82,336,826,13,0.286,0.703,0.0111,3,142,22
901-1,3,83,58,0,24.86,5.82,0.06,9.02,0.49,0.00,0.00,0.00,0.09,9.66,greenhouse,83,976,2419,79,0.2809,0.6963,0.0227,3,143,23,901-1,lab,83,328,791,28,0.286,0.6896,0.0244,3,143,23
901-1,4,84,58,0,21.92,5.47,0.08,14.35,0.70,0.00,0.00,0.00,0.20,15.33,greenhouse,84,1612,3496,64,0.3117,0.6759,0.0124,3,144,24,901-1,lab,84,183,278,1,0.3961,0.6017,0.0022,3,144,24
901-1,5,85,58,0,27.13,6.47,0.08,13.46,0.61,0.00,0.00,0.00,0.23,14.39,greenhouse,85,595,1571,27,0.2713,0.7164,0.0123,3,145,25,901-1,lab,85,256,489,16,0.3364,0.6426,0.021,3,145,25
901-1,1,111,62,0,18.03,4.32,0.09,15.25,0.53,0.00,0.00,0.00,0.21,16.08,greenhouse,111,30,2052,108,0.0137,0.937,0.0493,4,201,21,901-1,lab,111,120,1041,66,0.0978,0.8484,0.0538,4,201,21
901-1,2,112,62,0,13.75,3.3,0.08,13.15,0.48,0.00,0.00,0.00,0.24,13.94,greenhouse,112,37,1384,22,0.0256,0.9591,0.0152,4,202,22,901-1,lab,112,87,1328,68,0.0587,0.8955,0.0459,4,202,22
901-1,3,113,62,0,19.19,4.35,0.08,13.23,0.59,0.00,0.00,0.00,0.20,14.09,greenhouse,113,56,2960,57,0.0182,0.9632,0.0185,4,203,23,901-1,lab,113,198,2370,156,0.0727,0.87,0.0573,4,203,23
901-1,4,114,62,0,23.68,5.58,0.07,10.80,0.42,0.00,0.00,0.00,0.17,11.46,greenhouse,114,148,2229,34,0.0614,0.9245,0.0141,4,204,24,901-1,lab,114,321,2069,205,0.1237,0.7973,0.079,4,204,24
901-1,5,115,62,0,21.73,5,0.07,10.68,0.44,0.00,0.00,0.00,0.17,11.35,greenhouse,115,39,2007,192,0.0174,0.8968,0.0858,4,205,25,901-1,lab,115,297,1887,258,0.1216,0.7727,0.1057,4,205,25
901-1,1,141,65,,,,,,,,,,,0.00,greenhouse,141,89,3056,369,0.0253,0.8697,0.105,5,261,21,901-1,,,,,,,,,,,
901-1,2,142,65,,,,,,,,,,,0.00,greenhouse,142,67,2749,214,0.0221,0.9073,0.0706,5,262,22,901-1,,,,,,,,,,,
901-1,3,143,65,,,,,,,,,,,0.00,greenhouse,143,80,2651,194,0.0274,0.9063,0.0663,5,263,23,901-1,,,,,,,,,,,
901-1,4,144,65,,,,,,,,,,,0.00,greenhouse,144,83,2860,78,0.0275,0.9467,0.0258,5,264,24,901-1,,,,,,,,,,,
901-1,5,145,65,,,,,,,,,,,0.00,greenhouse,145,290,2789,310,0.0856,0.823,0.0915,5,265,25,901-1,,,,,,,,,,,
901-1,1,171,69,5,13.8,3.37,0.07,8.24,0.24,0.00,0.00,0.00,0.10,8.66,greenhouse,171,29,1273,182,0.0195,0.8578,0.1226,6,321,21,901-1,lab,171,195,2209,163,0.076,0.8605,0.0635,6,321,21
901-1,2,172,69,0,12.38,2.97,0.07,8.96,0.25,0.00,0.00,0.00,0.07,9.37,greenhouse,172,18,1549,147,0.0105,0.9037,0.0858,6,322,22,901-1,lab,172,190,1750,146,0.0911,0.8389,0.07,6,322,22
901-1,3,173,69,0,21.18,4.77,0.08,13.29,0.38,0.00,0.00,0.00,0.08,13.83,greenhouse,173,42,2126,210,0.0177,0.894,0.0883,6,323,23,901-1,lab,173,87,647,65,0.1089,0.8098,0.0814,6,323,23
901-1,4,174,69,0,20.28,4.79,0.08,11.73,0.41,0.00,0.00,0.00,0.09,12.31,greenhouse,174,82,3026,336,0.0238,0.8786,0.0976,6,324,24,901-1,lab,174,78,1474,114,0.0468,0.8848,0.0684,6,324,24
901-1,5,175,69,5,25.16,5.75,0.08,10.64,0.39,0.00,0.00,0.00,0.15,11.26,greenhouse,175,115,4117,818,0.0228,0.8152,0.162,6,325,25,901-1,lab,175,94,1469,98,0.0566,0.8844,0.059,6,325,25
901-1,1,201,72,5,13,3.17,0.10,13.79,0.48,0.00,0.00,0.00,0.20,14.57,greenhouse,201,22,2091,88,0.01,0.95,0.04,7,381,21,901-1,lab,201,450,2457,255,0.1423,0.777,0.0806,7,381,21
901-1,2,202,72,5,18.03,4.61,0.07,8.34,0.22,0.00,0.00,0.00,0.08,8.71,greenhouse,202,29,2445,430,0.01,0.8419,0.1481,7,382,22,901-1,lab,202,162,1283,141,0.1021,0.809,0.0889,7,382,22
901-1,3,203,72,5,10.41,2.61,0.08,10.85,0.30,0.00,0.00,0.00,0.16,11.39,greenhouse,203,41,2502,672,0.0128,0.7782,0.209,7,383,23,901-1,lab,203,124,609,137,0.1425,0.7,0.1575,7,383,23
901-1,4,204,72,0,15.87,3.96,0.08,10.40,0.37,0.00,0.00,0.00,0.07,10.92,greenhouse,204,72,1971,490,0.0284,0.7781,0.1934,7,384,24,901-1,lab,204,78,765,87,0.0839,0.8226,0.0935,7,384,24
901-1,5,205,72,5,17.28,3.96,0.08,10.42,0.37,0.00,0.00,0.00,0.13,11.00,greenhouse,205,196,2655,133,0.0657,0.8897,0.0446,7,385,25,901-1,lab,205,130,1470,24,0.08,0.9052,0.0148,7,385,25
901-1,1,231,76,5,10.66,2.55,0.08,10.37,0.32,0.00,0.00,0.00,0.08,10.85,,,,,,,,,,,,,,,,,,,,,,,
901-1,2,232,76,15,12.25,2.93,0.07,9.37,0.26,0.00,0.00,0.00,0.08,9.78,,,,,,,,,,,,,,,,,,,,,,,
901-1,3,233,76,15,10.1,2.42,0.11,12.64,0.43,0.00,0.00,0.00,0.16,13.34,,,,,,,,,,,,,,,,,,,,,,,
901-1,4,234,76,5,18.13,4.25,0.08,10.21,0.34,0.00,0.00,0.00,0.07,10.70,,,,,,,,,,,,,,,,,,,,,,,
901-1,5,235,76,10,16.7,3.7,0.08,10.95,0.36,0.00,0.00,0.00,0.06,11.46,,,,,,,,,,,,,,,,,,,,,,,
901-1,1,261,79,15,11.01,,0.07,11.57,0.33,0.00,0.00,0.00,0.15,12.12,greenhouse,261,42,819,62,0.0455,0.8873,0.0672,9,501,21,901-1,lab,261,203,858,61,0.1809,0.7647,0.0544,9,501,21
901-1,2,262,79,25,9.12,,0.07,10.14,0.22,0.03,0.00,0.00,0.07,10.53,greenhouse,262,26,978,509,0.0172,0.6464,0.3364,9,502,22,901-1,lab,262,98,706,117,0.1064,0.7666,0.127,9,502,22
901-1,3,263,79,25,12.67,,0.07,10.06,0.22,0.00,0.00,0.00,0.07,10.42,greenhouse,263,56,1982,416,0.0228,0.8077,0.1695,9,503,23,901-1,lab,263,153,694,31,0.1743,0.7904,0.0353,9,503,23
901-1,4,264,79,20,14.46,,0.07,9.30,0.29,0.00,0.00,0.00,0.00,9.66,greenhouse,264,57,1568,931,0.0223,0.6135,0.3642,9,504,24,901-1,lab,264,280,1239,129,0.1699,0.7518,0.0783,9,504,24
901-1,5,265,79,15,33.17,,0.07,10.85,0.34,0.00,0.00,0.00,0.13,11.39,greenhouse,265,178,3223,350,0.0475,0.8592,0.0933,9,505,25,901-1,lab,265,224,1275,135,0.1371,0.7803,0.0826,9,505,25
805-12,1,26,51,0,7.07,1.49,3.26,0.19,0.42,0.00,0.07,0.00,0.20,4.15,greenhouse,26,15,94,6,0.1304,0.8174,0.0522,1,26,26,805-12,,,,,,,,,,,
805-12,2,27,51,0,8.42,1.74,4.29,0.22,0.47,0.00,0.08,0.00,0.24,5.29,greenhouse,27,91,396,6,0.1846,0.8032,0.0122,1,27,27,805-12,,,,,,,,,,,
805-12,3,28,51,0,7.02,1.57,3.60,0.45,0.43,0.00,0.07,0.00,0.21,4.75,greenhouse,28,108,48,8,0.6585,0.2927,0.0488,1,28,28,805-12,,,,,,,,,,,
805-12,4,29,51,0,8.67,1.89,3.41,0.18,0.38,0.00,0.07,0.00,0.19,4.22,greenhouse,29,97,148,0,0.3959,0.6041,0,1,29,29,805-12,,,,,,,,,,,
805-12,5,30,51,0,6.05,1.43,2.06,0.15,0.18,0.00,0.00,0.00,0.10,2.49,greenhouse,30,21,10,0,0.6774,0.3226,0,1,30,30,805-12,,,,,,,,,,,
805-12,1,56,55,0,11.32,2.6,3.86,0.24,0.49,0.00,0.06,0.00,0.09,4.73,,,,,,,,,,,,,,,,,,,,,,,
805-12,2,57,55,0,13,2.93,6.29,0.32,0.63,0.00,0.07,0.00,0.16,7.47,,,,,,,,,,,,,,,,,,,,,,,
805-12,3,58,55,0,11.6,2.7,4.07,0.22,0.47,0.00,0.06,0.00,0.09,4.91,,,,,,,,,,,,,,,,,,,,,,,
805-12,4,59,55,0,14.39,3.28,4.43,0.23,0.42,0.00,0.06,0.00,0.09,5.23,,,,,,,,,,,,,,,,,,,,,,,
805-12,5,60,55,0,12.56,2.84,5.26,0.27,0.53,0.00,0.06,0.00,0.15,6.28,,,,,,,,,,,,,,,,,,,,,,,
805-12,1,86,58,0,17.09,4.05,4.92,0.32,0.46,0.00,0.06,0.00,0.08,5.84,greenhouse,86,395,153,8,0.7104,0.2752,0.0144,3,146,26,805-12,lab,86,137,95,6,0.5756,0.3992,0.0252,3,146,26
805-12,2,87,58,0,17.9,4.29,6.08,0.33,0.47,0.00,0.07,0.00,0.16,7.11,greenhouse,87,1311,404,11,0.7596,0.2341,0.0064,3,147,27,805-12,lab,87,386,509,80,0.3959,0.5221,0.0821,3,147,27
805-12,3,88,58,0,15.31,3.82,4.99,0.36,0.45,0.00,0.06,0.00,0.14,6.00,greenhouse,88,463,112,1,0.8038,0.1944,0.0017,3,148,28,805-12,lab,88,282,133,10,0.6635,0.3129,0.0235,3,148,28
805-12,4,89,58,0,26.61,6.06,4.62,0.25,0.42,0.00,0.06,0.00,0.13,5.48,greenhouse,89,420,114,4,0.7807,0.2119,0.0074,3,149,29,805-12,lab,89,45,6,4,0.8182,0.1091,0.0727,3,149,29
805-12,5,90,58,0,26.41,6.49,7.32,0.38,0.56,0.00,0.07,0.08,0.18,8.59,greenhouse,90,541,247,9,0.6788,0.3099,0.0113,3,150,30,805-12,lab,90,128,57,1,0.6882,0.3065,0.0054,3,150,30
805-12,1,116,62,0,22.15,5.17,5.85,0.34,0.55,0.00,0.06,0.00,0.18,6.98,greenhouse,116,184,415,9,0.3026,0.6826,0.0148,4,206,26,805-12,lab,116,105,404,17,0.1996,0.7681,0.0323,4,206,26
805-12,2,117,62,0,12.72,3.06,7.82,0.43,0.61,0.00,0.07,0.00,0.21,9.14,greenhouse,117,103,468,7,0.1782,0.8097,0.0121,4,207,27,805-12,lab,117,190,849,47,0.175,0.7818,0.0433,4,207,27
805-12,3,118,62,0,21.76,5.13,6.03,0.32,0.44,0.00,0.06,0.00,0.16,7.01,greenhouse,118,229,438,11,0.3378,0.646,0.0162,4,208,28,805-12,lab,118,448,962,39,0.3092,0.6639,0.0269,4,208,28
805-12,4,119,62,0,22.44,2.23,5.62,0.30,0.44,0.00,0.06,0.00,0.16,6.58,greenhouse,119,251,643,8,0.2783,0.7129,0.0089,4,209,29,805-12,lab,119,294,625,65,0.2988,0.6352,0.0661,4,209,29
805-12,5,120,62,0,23.52,5.4,6.49,0.34,0.41,0.00,0.06,0.00,0.18,7.49,greenhouse,120,155,479,45,0.2283,0.7054,0.0663,4,210,30,805-12,lab,120,630,929,57,0.3899,0.5749,0.0353,4,210,30
805-12,1,146,65,0,24.21,5.52,7.41,0.72,0.75,0.00,0.07,0.00,0.20,9.15,greenhouse,146,131,434,15,0.2259,0.7483,0.0259,5,266,26,805-12,,,,,,,,,,,
805-12,2,147,65,5,15.029,3.65,9.42,0.62,0.84,0.00,0.09,0.00,0.27,11.24,greenhouse,147,131,607,8,0.1756,0.8137,0.0107,5,267,27,805-12,lab,147,854,604,26,0.5755,0.407,0.0175,5,267,27
805-12,3,148,65,5,12.66,2.95,8.45,0.50,0.81,0.00,0.08,0.00,0.27,10.11,greenhouse,148,115,559,31,0.1631,0.7929,0.044,5,268,28,805-12,lab,148,616,445,20,0.5698,0.4117,0.0185,5,268,28
805-12,4,149,65,0,18.59,4.29,8.71,0.48,0.89,0.03,0.08,0.00,0.26,10.45,greenhouse,149,439,929,107,0.2976,0.6298,0.0725,5,269,29,805-12,lab,149,1048,459,11,0.6904,0.3024,0.0072,5,269,29
805-12,5,150,65,0,23.05,5.26,6.08,0.33,0.48,0.00,0.07,0.00,0.19,7.14,greenhouse,150,530,2735,151,0.1552,0.8006,0.0442,5,270,30,805-12,lab,150,489,330,7,0.592,0.3995,0.0085,5,270,30
805-12,1,176,69,0,22.37,5.19,7.96,1.05,0.78,0.03,0.07,0.08,0.24,10.21,greenhouse,176,259,707,14,0.2643,0.7214,0.0143,6,326,26,805-12,lab,176,537,822,57,0.3792,0.5805,0.0403,6,326,26
805-12,2,177,69,5,18.74,4.44,7.98,0.48,0.63,0.00,0.08,0.08,0.22,9.46,greenhouse,177,227,1728,84,0.1113,0.8475,0.0412,6,327,27,805-12,lab,177,203,790,18,0.2008,0.7814,0.0178,6,327,27
805-12,3,178,69,5,14.59,3.57,6.09,0.58,0.59,0.02,0.07,0.07,0.15,7.58,greenhouse,178,184,561,28,0.238,0.7257,0.0362,6,328,28,805-12,lab,178,398,879,62,0.2972,0.6565,0.0463,6,328,28
805-12,4,179,69,0,31.95,7.41,5.50,0.36,0.52,0.00,0.07,0.00,0.13,6.58,greenhouse,179,395,1885,88,0.1668,0.796,0.0372,6,329,29,805-12,lab,179,81,305,6,0.2066,0.7781,0.0153,6,329,29
805-12,5,180,69,0,16.98,3.95,7.29,0.62,0.63,0.00,0.07,0.08,0.21,8.90,greenhouse,180,429,1154,67,0.26,0.6994,0.0406,6,330,30,805-12,lab,180,195,382,28,0.3223,0.6314,0.0463,6,330,30
805-12,1,206,72,5,15.7,3.99,7.81,0.51,0.81,0.00,0.07,0.08,0.23,9.52,greenhouse,206,521,1685,77,0.2282,0.7381,0.0337,7,386,26,805-12,lab,206,379,420,41,0.4512,0.5,0.0488,7,386,26
805-12,2,207,72,5,24.38,5.95,7.52,0.40,0.56,0.02,0.07,0.07,0.22,8.86,greenhouse,207,404,1253,59,0.2354,0.7302,0.0344,7,387,27,805-12,lab,207,485,545,34,0.4558,0.5122,0.032,7,387,27
805-12,3,208,72,5,16.32,4.18,6.34,0.40,0.59,0.00,0.07,0.08,0.16,7.63,greenhouse,208,795,1688,66,0.3119,0.6622,0.0259,7,388,28,805-12,lab,208,706,598,39,0.5257,0.4453,0.029,7,388,28
805-12,4,209,72,5,31.63,7.56,5.73,0.33,0.54,0.00,0.07,0.00,0.17,6.84,greenhouse,209,1037,2850,97,0.2603,0.7154,0.0243,7,389,29,805-12,lab,209,474,199,7,0.6971,0.2926,0.0103,7,389,29
805-12,5,210,72,5,24.04,5.6,9.64,0.55,0.81,0.04,0.08,0.08,0.27,11.48,greenhouse,210,1005,2683,99,0.2654,0.7085,0.0261,7,390,30,805-12,lab,210,466,218,9,0.6724,0.3146,0.013,7,390,30
805-12,1,236,76,10,21.49,2.54,8.42,0.70,0.90,0.04,0.08,0.08,0.29,10.51,,,,,,,,,,,,,,,,,,,,,,,
805-12,2,237,76,15,20.48,4.87,6.34,0.34,0.52,0.02,0.07,0.00,0.27,7.56,,,,,,,,,,,,,,,,,,,,,,,
805-12,3,238,76,10,16.3,3.99,8.45,0.54,0.78,0.04,0.08,0.07,0.34,10.29,,,,,,,,,,,,,,,,,,,,,,,
805-12,4,239,76,10,11.12,2.78,7.58,0.46,0.79,0.03,0.09,0.00,0.25,9.19,,,,,,,,,,,,,,,,,,,,,,,
805-12,5,240,76,15,24.26,5.66,10.19,0.66,0.92,0.07,0.11,0.08,0.43,12.45,,,,,,,,,,,,,,,,,,,,,,,
805-12,1,266,79,15,22.96,,7.62,0.75,0.73,0.03,0.08,0.07,0.11,9.39,greenhouse,266,550,2355,108,0.1825,0.7816,0.0358,9,506,26,805-12,lab,266,346,255,6,0.57,0.4201,0.0099,9,506,26
805-12,2,267,79,15,19.07,,9.04,0.51,0.78,0.03,0.09,0.08,0.13,10.65,greenhouse,267,147,1570,208,0.0764,0.8156,0.1081,9,507,27,805-12,lab,267,292,217,31,0.5407,0.4019,0.0574,9,507,27
805-12,3,268,79,20,24.08,,8.00,0.48,0.63,0.03,0.08,0.08,0.24,9.53,greenhouse,268,574,2723,375,0.1563,0.7416,0.1021,9,508,28,805-12,lab,268,334,174,29,0.622,0.324,0.054,9,508,28
805-12,4,269,79,15,17.86,,6.87,0.49,0.67,0.03,0.08,0.00,0.11,8.25,greenhouse,269,675,1533,135,0.2881,0.6543,0.0576,9,509,29,805-12,lab,269,364,162,10,0.6791,0.3022,0.0187,9,509,29
805-12,5,270,79,20,26.83,,8.04,0.45,0.67,0.03,0.08,0.08,0.11,9.46,greenhouse,270,449,1670,151,0.1978,0.7357,0.0665,9,510,30,805-12,lab,270,359,390,30,0.4608,0.5006,0.0385,9,510,30
