day,location,flower_id,clear_count,cloudy_count,amber_count,clear_normalized,cloudy_normalized,amber_normalized,var,rep,total_cbd,total_thc,total_cbg,total_c,total_thc_next_day
1,greenhouse,15,209,1501,16,0.1211,0.8696,0.0093,616,616-8,0.27117023067963,16.47882730792513,1.1557350537158702,17.90573259232063,16.47882730792513
1,greenhouse,14,305,1333,7,0.1854,0.8103,0.0043,1416-3,1416-3-7,0.38015253090594003,15.803839270471332,1.4301545345174702,17.61414633589474,15.803839270471332
1,greenhouse,13,141,2257,34,0.058,0.928,0.014,805-12,805-12-6,13.40229999449304,4.381777534495,0.90532804056291,18.68940556955095,4.381777534495
1,greenhouse,12,273,1665,8,0.1403,0.8556,0.0041,616,616-6,0.32967049782770996,16.61464282684,1.0941238141199998,18.03843713878771,16.61464282684
1,greenhouse,11,380,1034,15,0.2659,0.7236,0.0105,1416-3,1416-3-5,0.31706747513928,16.111711442649998,1.3051741373081098,17.733953055097388,16.111711442649998
1,greenhouse,10,131,2187,36,0.0556,0.9291,0.0153,805-12,805-12-4,11.571504871150708,4.35081915616,0.79784132672313,16.72016535403384,4.35081915616
1,greenhouse,9,556,1918,18,0.2231,0.7697,0.0072,1416-3,1416-3-3,0.32513579140851,15.895262010222659,1.2105470706165,17.430944872247668,15.895262010222659
1,greenhouse,8,410,1884,10,0.178,0.8177,0.0043,1416-3,1416-3-2,0.30260164784715005,15.634597745430465,1.16761897539531,17.104818368672923,15.634597745430465
1,greenhouse,6,72,2811,48,0.0246,0.9591,0.0164,805-12,805-12-7,13.14869727343725,4.346347166032,0.9566027267378399,18.45164716620709,4.346347166032
1,greenhouse,5,317,1851,27,0.1444,0.8433,0.0123,1416-3,1416-3-6,0.10887872191524,7.958901887697013,0.43404932566557003,8.501829935277824,7.958901887697013
1,greenhouse,4,159,2326,27,0.0633,0.926,0.0107,616,616-5,0.19348615929924,15.921381916660001,1.20285537000129,17.31772344596053,15.921381916660001
1,greenhouse,3,134,3023,78,0.0414,0.9345,0.0241,805-12,805-12-3,12.83941369520946,4.39059075133,0.765538379613,17.99554282615246,4.39059075133
1,greenhouse,2,133,1415,20,0.0848,0.9024,0.0128,616,616-2,0.27779745737835004,17.263690064550158,1.16157694569372,18.70306446762223,17.263690064550158
1,greenhouse,1,112,832,4,0.1181,0.8776,0.0042,616,616-1,0.32746778381412,15.569091415930002,1.16842365330066,17.064982853044782,15.569091415930002
1,lab,5,1950,1882,24,0.5057,0.4881,0.0062,1416-3,1416-3-6,0.10887872191524,7.958901887697013,0.43404932566557003,8.501829935277824,
1,lab,14,757,1444,14,0.3418,0.6519,0.0063,1416-3,1416-3-7,0.38015253090594003,15.803839270471332,1.4301545345174702,17.61414633589474,
1,lab,3,384,1296,38,0.2235,0.7544,0.0221,805-12,805-12-3,12.83941369520946,4.39059075133,0.765538379613,17.99554282615246,
1,lab,9,1467,1511,20,0.4893,0.504,0.0067,1416-3,1416-3-3,0.32513579140851,15.895262010222659,1.2105470706165,17.430944872247668,
1,lab,15,541,947,12,0.3607,0.6313,0.008,616,616-8,0.27117023067963,16.47882730792513,1.1557350537158702,17.90573259232063,
1,lab,11,646,675,6,0.4868,0.5087,0.0045,1416-3,1416-3-5,0.31706747513928,16.111711442649998,1.3051741373081098,17.733953055097388,
1,lab,12,817,798,30,0.4967,0.4851,0.0182,616,616-6,0.32967049782770996,16.61464282684,1.0941238141199998,18.03843713878771,
1,lab,8,873,1059,16,0.4482,0.5436,0.0082,1416-3,1416-3-2,0.30260164784715005,15.634597745430465,1.16761897539531,17.104818368672923,
1,lab,10,620,1518,43,0.2843,0.696,0.0197,805-12,805-12-4,11.571504871150708,4.35081915616,0.79784132672313,16.72016535403384,
1,lab,4,863,1749,22,0.3276,0.664,0.0084,616,616-5,0.19348615929924,15.921381916660001,1.20285537000129,17.31772344596053,
1,lab,13,393,2328,38,0.1424,0.8438,0.0138,805-12,805-12-6,13.40229999449304,4.381777534495,0.90532804056291,18.68940556955095,
1,lab,7,503,2229,8,0.1836,0.8135,0.0029,805-12,805-12-1,11.968286845716541,4.331639517916,0.81319308579,17.11311944942254,
1,lab,1,313,987,10,0.2389,0.7534,0.0076,616,616-1,0.32746778381412,15.569091415930002,1.16842365330066,17.064982853044782,
1,lab,2,150,191,9,0.4286,0.5457,0.0257,616,616-2,0.27779745737835004,17.263690064550158,1.16157694569372,18.70306446762223,
1,lab,6,115,1319,26,0.0788,0.9034,0.0178,805-12,805-12-7,13.14869727343725,4.346347166032,0.9566027267378399,18.45164716620709,
2,lab,30,107,346,5,0.2336,0.7555,0.0109,805-12,805-12-8,15.149901254576402,4.587652769359,1.0351670101029,20.7727210340383,
2,lab,29,60,146,8,0.2804,0.6822,0.0374,616,616-8,0.23362636441194,16.779529237166077,0.9872222708151901,18.00037787239321,
2,lab,28,49,198,7,0.1929,0.7795,0.0276,1416-3,1416-3-7,0.22172803972884,19.716696236013878,1.21264118773983,21.15106546348255,
2,lab,27,170,734,8,0.1864,0.8048,0.0088,805-12,805-12-6,14.718953345306401,4.462150963441,0.9823728943962902,20.163477203143692,
2,lab,26,168,520,11,0.2403,0.7439,0.0157,616,616-6,0.15921055907469,19.49345572225369,0.9542417844406499,20.60690806576903,
2,lab,25,251,576,15,0.2981,0.6841,0.0178,1416-3,1416-3-5,0.2317204568115,18.552360037371248,1.06247603564478,19.84655652982753,
2,lab,24,131,277,7,0.3157,0.6675,0.0169,616,616-4,0.25970790439557,17.01011198913646,1.0309157289737998,18.300735622505826,
2,lab,23,115,372,9,0.2319,0.75,0.0181,805-12,805-12-2,16.4052348904026,4.496981403946,0.94058974722357,21.842806041572167,
2,lab,22,473,169,1,0.7356,0.2628,0.0016,805-12,805-12-1,8.13934060371549,4.236962556685,0.469507506021,12.84581066642149,
2,lab,21,212,614,30,0.2477,0.7173,0.035,1416-3,1416-3-8,0.16476791760666,14.58370837466779,0.7298623693288799,15.47833866160333,
2,lab,20,574,1195,45,0.3164,0.6588,0.0248,616,616-7,0.22367523802338002,18.383714861476363,1.01829783984723,19.62568793934697,
2,lab,19,242,772,39,0.2298,0.7331,0.037,805-12,805-12-5,14.4530845747929,4.467531829369,0.88613930454426,19.806755708706163,
2,lab,18,554,1063,38,0.3347,0.6423,0.023,1416-3,1416-3-4,0.21889048209957002,16.769725156361112,0.8681138227058399,17.856729461166523,
2,lab,17,385,791,22,0.3214,0.6603,0.0184,616,616-3,0.17288279302752002,18.33107803041964,0.8717914475325901,19.37575227097975,
2,lab,16,310,424,24,0.409,0.5594,0.0317,1416-3,1416-3-1,0.22506788376684,17.595068131089405,0.83845470246165,18.658590717317896,
3,greenhouse,31,1279,2118,16,0.3747,0.6206,0.0047,616,616-1,0.27625914044226,16.087592849940187,0.8956075901696099,17.259459580552058,16.087592849940187
3,greenhouse,32,1089,1100,427,0.4163,0.4205,0.1632,616,616-2,0.19063040897061,16.613848435557504,0.7835642336619899,17.588043078190104,16.613848435557504
3,greenhouse,33,592,1594,373,0.2313,0.6229,0.1458,805-12,805-12-3,15.77754445783527,4.4430507570217,0.71731645197048,20.93791166682745,4.4430507570217
3,greenhouse,34,1120,1205,206,0.4425,0.4761,0.0814,616,616-5,0.185954095560105,15.197090189734809,0.8512741648745099,16.23431845016942,15.197090189734809
3,greenhouse,35,1757,2813,52,0.3801,0.6086,0.0113,1416-3,1416-3-6,0.25282273042494,15.934913882751639,1.0327926482454601,17.22052926142204,15.934913882751639
3,greenhouse,36,360,2757,55,0.1135,0.8692,0.0173,805-12,805-12-7,13.741365258126448,4.38586953988,0.68104110879765,18.8082759068041,4.38586953988
3,greenhouse,37,153,1308,0,0.1047,0.8953,0.0,805-12,805-12-1,14.556599094650853,4.4003040088,1.0073938451845499,19.9642969486354,4.4003040088
3,greenhouse,38,1020,1284,19,0.4391,0.5527,0.0082,1416-3,1416-3-2,0.25449035040504,15.876361825826251,0.95634832931649,17.08720050554778,15.876361825826251
3,greenhouse,39,814,1913,12,0.2972,0.6984,0.0044,1416-3,1416-3-3,0.22137716474739003,16.175210766030276,0.8884219089303,17.285009839707968,16.175210766030276
3,greenhouse,40,243,2431,31,0.0898,0.8987,0.0115,805-12,805-12-4,13.209118234816229,4.364847027076,0.68725102796712,18.261216289859348,4.364847027076
3,greenhouse,41,622,1385,8,0.3087,0.6873,0.004,1416-3,1416-3-5,0.22577741463285,15.545099021343251,0.8406713647499401,16.61154780072604,15.545099021343251
3,greenhouse,42,409,864,6,0.3198,0.6755,0.0047,616,616-6,0.16322901562782,16.872970302208877,0.7296261482394899,17.765825466076187,16.872970302208877
3,greenhouse,43,188,2214,40,0.077,0.9066,0.0164,805-12,805-12-6,14.14977584742225,4.404166639573,0.67787909492436,19.23182158191961,4.404166639573
3,greenhouse,44,530,1097,10,0.3238,0.6701,0.0061,1416-3,1416-3-7,0.22112577269001,15.020279560397217,0.8945622703275301,16.13596760341476,15.020279560397217
3,greenhouse,45,524,1247,15,0.2934,0.6982,0.0084,616,616-8,0.22086695004876,16.265249720337568,0.81759228493554,17.303708955321866,16.265249720337568
3,lab,31,1055,600,11,0.6333,0.3601,0.0066,616,616-1,0.27625914044226,16.087592849940187,0.8956075901696099,17.259459580552058,
3,lab,32,867,420,13,0.6669,0.3231,0.01,616,616-2,0.19063040897061,16.613848435557504,0.7835642336619899,17.588043078190104,
3,lab,33,530,782,6,0.4021,0.5933,0.0046,805-12,805-12-3,15.77754445783527,4.4430507570217,0.71731645197048,20.93791166682745,
3,lab,34,556,452,4,0.5494,0.4466,0.004,616,616-5,0.185954095560105,15.197090189734809,0.8512741648745099,16.23431845016942,
3,lab,35,621,444,3,0.5815,0.4157,0.0028,1416-3,1416-3-6,0.25282273042494,15.934913882751639,1.0327926482454601,17.22052926142204,
3,lab,36,571,882,11,0.39,0.6025,0.0075,805-12,805-12-7,13.741365258126448,4.38586953988,0.68104110879765,18.8082759068041,
3,lab,37,317,537,7,0.3682,0.6237,0.0081,805-12,805-12-1,14.556599094650853,4.4003040088,1.0073938451845499,19.9642969486354,
3,lab,38,749,475,8,0.608,0.3856,0.0065,1416-3,1416-3-2,0.25449035040504,15.876361825826251,0.95634832931649,17.08720050554778,
3,lab,39,1886,977,14,0.6555,0.3396,0.0049,1416-3,1416-3-3,0.22137716474739003,16.175210766030276,0.8884219089303,17.285009839707968,
3,lab,40,1280,2238,17,0.3621,0.6331,0.0048,805-12,805-12-4,13.209118234816229,4.364847027076,0.68725102796712,18.261216289859348,
3,lab,41,1158,613,9,0.6506,0.3444,0.0051,1416-3,1416-3-5,0.22577741463285,15.545099021343251,0.8406713647499401,16.61154780072604,
3,lab,42,995,871,13,0.5295,0.4635,0.0069,616,616-6,0.16322901562782,16.872970302208877,0.7296261482394899,17.765825466076187,
3,lab,43,880,1091,31,0.4396,0.545,0.0155,805-12,805-12-6,14.14977584742225,4.404166639573,0.67787909492436,19.23182158191961,
3,lab,44,1498,862,13,0.6313,0.3633,0.0055,1416-3,1416-3-7,0.22112577269001,15.020279560397217,0.8945622703275301,16.13596760341476,
3,lab,45,1519,1329,19,0.5298,0.4636,0.0066,616,616-8,0.22086695004876,16.265249720337568,0.81759228493554,17.303708955321866,
4,greenhouse,46,1229,1972,184,0.3631,0.5826,0.0544,1416-3,1416-3-1,0.3299365306827,13.412145913060002,0.89714471347215,14.639227157214851,13.412145913060002
4,greenhouse,47,1256,1809,91,0.398,0.5732,0.0288,616,616-3,0.28550141094033,13.97553721645,0.8049061757835901,15.06594480317392,13.97553721645
4,greenhouse,48,1314,2920,168,0.2985,0.6633,0.0382,1416-3,1416-3-4,0.14673012741576,13.07116250662,0.72137304934479,13.93926568338055,13.07116250662
4,greenhouse,49,658,7151,422,0.0799,0.8688,0.0513,805-12,805-12-5,14.408699505928201,4.3807163442835,0.76960593843921,19.55902178865091,4.3807163442835
4,greenhouse,50,1842,3893,170,0.3119,0.6593,0.0288,616,616-7,0.36580952006433,14.84441964841,1.04503430481615,16.25526347329048,14.84441964841
4,greenhouse,51,974,1628,136,0.3557,0.5946,0.0497,1416-3,1416-3-8,0.22148809141526998,12.221672447289999,0.658543004946,13.10170354365127,12.221672447289999
4,greenhouse,52,519,3098,79,0.1404,0.8382,0.0214,805-12,805-12-1,14.573967403766758,4.3214828341252,1.18790507457,20.083355312461958,4.3214828341252
4,greenhouse,53,746,4301,112,0.1446,0.8337,0.0217,805-12,805-12-2,11.63053749792726,4.2800442016,0.541131283593,16.45171298312026,4.2800442016
4,greenhouse,54,2621,5946,62,0.3037,0.6891,0.0072,616,616-4,0.38929335163938,14.06990252641,1.05821354718,15.51740942522938,14.06990252641
4,greenhouse,55,1419,2645,91,0.3415,0.6366,0.0219,1416-3,1416-3-5,0.35451607629951004,17.0080610701,1.00735559289,18.36993273928951,17.0080610701
4,greenhouse,56,2009,3977,57,0.3325,0.6581,0.0094,616,616-6,0.26213093396352,15.272635261629999,0.873521287884,16.40828748347752,15.272635261629999
4,greenhouse,57,443,4373,491,0.0835,0.824,0.0925,805-12,805-12-6,13.83562083817008,4.3492317018718,0.7279740072449999,18.91282654728688,4.3492317018718
4,greenhouse,58,1522,2644,50,0.361,0.6271,0.0119,1416-3,1416-3-7,0.40277847636953995,15.389698406530002,0.95056678197,16.743043664869543,15.389698406530002
4,greenhouse,59,1634,2494,56,0.3905,0.5961,0.0134,616,616-8,0.32460728005746,13.39022528338,0.8690430418830001,14.58387560532046,13.39022528338
4,greenhouse,60,576,4889,385,0.0985,0.8357,0.0658,805-12,805-12-8,14.085180424041479,4.3090289829364,0.8259189890939999,19.22012839607188,4.3090289829364
4,lab,46,2069,1663,52,0.5468,0.4395,0.0137,1416-3,1416-3-1,0.3299365306827,13.412145913060002,0.89714471347215,14.639227157214851,
4,lab,47,871,897,33,0.4836,0.4981,0.0183,616,616-3,0.28550141094033,13.97553721645,0.8049061757835901,15.06594480317392,
4,lab,48,1585,1727,81,0.4671,0.509,0.0239,1416-3,1416-3-4,0.14673012741576,13.07116250662,0.72137304934479,13.93926568338055,
4,lab,49,742,1816,191,0.2699,0.6606,0.0695,805-12,805-12-5,14.408699505928201,4.3807163442835,0.76960593843921,19.55902178865091,
4,lab,50,989,1011,36,0.4858,0.4966,0.0177,616,616-7,0.36580952006433,14.84441964841,1.04503430481615,16.25526347329048,
4,lab,51,1344,1233,60,0.5097,0.4676,0.0228,1416-3,1416-3-8,0.22148809141526998,12.221672447289999,0.658543004946,13.10170354365127,
4,lab,52,1089,1376,102,0.4242,0.536,0.0397,805-12,805-12-1,14.573967403766758,4.3214828341252,1.18790507457,20.083355312461958,
4,lab,53,1427,2261,169,0.37,0.5862,0.0438,805-12,805-12-2,11.63053749792726,4.2800442016,0.541131283593,16.45171298312026,
4,lab,54,1592,1608,69,0.487,0.4919,0.0211,616,616-4,0.38929335163938,14.06990252641,1.05821354718,15.51740942522938,
4,lab,55,1697,1396,54,0.5392,0.4436,0.0172,1416-3,1416-3-5,0.35451607629951004,17.0080610701,1.00735559289,18.36993273928951,
4,lab,56,1455,1410,90,0.4924,0.4772,0.0305,616,616-6,0.26213093396352,15.272635261629999,0.873521287884,16.40828748347752,
4,lab,57,733,1710,324,0.2649,0.618,0.1171,805-12,805-12-6,13.83562083817008,4.3492317018718,0.7279740072449999,18.91282654728688,
4,lab,58,2338,2439,132,0.4763,0.4968,0.0269,1416-3,1416-3-7,0.40277847636953995,15.389698406530002,0.95056678197,16.743043664869543,
4,lab,59,1237,1021,43,0.5376,0.4437,0.0187,616,616-8,0.32460728005746,13.39022528338,0.8690430418830001,14.58387560532046,
4,lab,60,1449,3209,313,0.2915,0.6455,0.063,805-12,805-12-8,14.085180424041479,4.3090289829364,0.8259189890939999,19.22012839607188,
5,greenhouse,61,327,871,21,0.2683,0.7145,0.0172,616,616-1,0.28707986539367997,16.462270649713027,0.9461470015630801,17.695497516669786,16.462270649713027
5,greenhouse,62,228,873,39,0.2,0.7658,0.0342,616,616-2,0.22038456578777998,16.68237593791,0.88750387792467,17.790264381622446,16.68237593791
5,greenhouse,63,145,974,43,0.1248,0.8382,0.037,805-12,805-12-3,14.329304594321489,4.360733473666,0.74046681364824,19.430504881635727,4.360733473666
5,greenhouse,64,265,736,67,0.2481,0.6891,0.0627,616,616-5,0.26911774935486,16.14690731746041,0.9136181486130299,17.329643215428298,16.14690731746041
5,greenhouse,65,375,574,82,0.3637,0.5567,0.0795,1416-3,1416-3-6,0.17216381177046,13.563953409291402,0.7630731631793701,14.499190384241233,13.563953409291402
5,greenhouse,66,99,1267,119,0.0667,0.8532,0.0801,805-12,805-12-7,12.822887170985219,4.320538870027,0.6904040222754001,17.833830063287618,4.320538870027
5,greenhouse,67,99,1213,12,0.0748,0.9162,0.0091,805-12,805-12-1,14.29977499098831,4.37978298802,1.05991070665194,19.73946868566025,4.37978298802
5,greenhouse,68,214,605,11,0.2578,0.7289,0.0133,1416-3,1416-3-2,0.30253465792025996,14.278779118936056,0.8210063487368701,15.402320125593185,14.278779118936056
5,greenhouse,69,327,731,17,0.3042,0.68,0.0158,1416-3,1416-3-3,0.26501967666702,15.295088697080834,0.85551690947877,16.415625283226625,15.295088697080834
5,greenhouse,70,216,1576,23,0.119,0.8683,0.0127,805-12,805-12-4,12.95290759667103,4.328351570182,0.78021004349088,18.06146921034391,4.328351570182
5,greenhouse,71,82,449,10,0.1516,0.8299,0.0185,1416-3,1416-3-5,0.19864917762966,13.707006106896895,0.6679991756936701,14.573654460220224,13.707006106896895
5,greenhouse,72,801,982,46,0.4379,0.5369,0.0252,616,616-6,0.22901678743932,17.17017903612675,0.9076219947019801,18.30681781826805,17.17017903612675
5,greenhouse,73,217,1306,78,0.1355,0.8157,0.0487,805-12,805-12-6,12.610833819327722,4.345028488378903,0.7372721224903501,17.693134430196974,4.345028488378903
5,greenhouse,74,1027,1400,60,0.4129,0.5629,0.0241,1416-3,1416-3-7,0.33825180890735995,15.590204228467176,0.97924524820155,16.907701285576085,15.590204228467176
5,greenhouse,75,923,1119,24,0.4468,0.5416,0.0116,616,616-8,0.17665436782548,15.025219909015856,0.6685126746300001,15.870386951471335,15.025219909015856
5,lab,61,623,1126,12,0.3538,0.6394,0.0068,616,616-1,0.28707986539367997,16.462270649713027,0.9461470015630801,17.695497516669786,
5,lab,62,696,1595,10,0.3025,0.6932,0.0043,616,616-2,0.22038456578777998,16.68237593791,0.88750387792467,17.790264381622446,
5,lab,63,604,2323,78,0.201,0.773,0.026,805-12,805-12-3,14.329304594321489,4.360733473666,0.74046681364824,19.430504881635727,
5,lab,64,436,911,16,0.3199,0.6684,0.0117,616,616-5,0.26911774935486,16.14690731746041,0.9136181486130299,17.329643215428298,
5,lab,65,313,825,25,0.2691,0.7094,0.0215,1416-3,1416-3-6,0.17216381177046,13.563953409291402,0.7630731631793701,14.499190384241233,
5,lab,66,237,1074,31,0.1766,0.8003,0.0231,805-12,805-12-7,12.822887170985219,4.320538870027,0.6904040222754001,17.833830063287618,
5,lab,67,338,733,14,0.3115,0.6756,0.0129,805-12,805-12-1,14.29977499098831,4.37978298802,1.05991070665194,19.73946868566025,
5,lab,68,641,1317,19,0.3242,0.6662,0.0096,1416-3,1416-3-2,0.30253465792025996,14.278779118936056,0.8210063487368701,15.402320125593185,
5,lab,69,1700,2988,78,0.3567,0.6269,0.0164,1416-3,1416-3-3,0.26501967666702,15.295088697080834,0.85551690947877,16.415625283226625,
5,lab,70,1407,2492,95,0.3523,0.6239,0.0238,805-12,805-12-4,12.95290759667103,4.328351570182,0.78021004349088,18.06146921034391,
5,lab,71,900,1816,60,0.3242,0.6542,0.0216,1416-3,1416-3-5,0.19864917762966,13.707006106896895,0.6679991756936701,14.573654460220224,
5,lab,72,1374,1865,37,0.4194,0.5693,0.0113,616,616-6,0.22901678743932,17.17017903612675,0.9076219947019801,18.30681781826805,
5,lab,73,503,1488,105,0.24,0.7099,0.0501,805-12,805-12-6,12.610833819327722,4.345028488378903,0.7372721224903501,17.693134430196974,
5,lab,74,1380,2267,50,0.3733,0.6132,0.0135,1416-3,1416-3-7,0.33825180890735995,15.590204228467176,0.97924524820155,16.907701285576085,
5,lab,75,1289,1781,26,0.4163,0.5753,0.0084,616,616-8,0.17665436782548,15.025219909015856,0.6685126746300001,15.870386951471335,
6,greenhouse,76,113,584,11,0.1596,0.8249,0.0155,1416-3,1416-3-1,0.16688632707144,14.199187221399836,0.71555668639848,15.081630234869756,
6,greenhouse,77,304,1240,7,0.196,0.7995,0.0045,616,616-3,0.20745470288438994,14.777499978258845,0.78617137242366,15.771126053566894,
6,greenhouse,78,114,552,28,0.1643,0.7954,0.0403,1416-3,1416-3-4,0.14945162830317,10.09090530079406,0.57257470898082,10.81293163807805,
6,greenhouse,79,46,790,34,0.0529,0.908,0.0391,805-12,805-12-5,12.17838662006004,4.245564116792107,0.742087083493008,17.166037820345156,
6,greenhouse,80,746,1524,28,0.3246,0.6632,0.0122,616,616-7,0.22205711157372,13.614101789076448,0.80610773870295,14.64226663935312,
6,greenhouse,81,368,1188,129,0.2184,0.705,0.0766,1416-3,1416-3-8,0.17861974193466001,10.168112292804697,0.5574523557781799,10.904184390517537,
6,greenhouse,82,554,1139,32,0.3212,0.6603,0.0186,805-12,805-12-1,10.20112841042865,4.28605767238,0.7441991806063499,15.231385263415,
6,greenhouse,83,335,1258,50,0.2039,0.7657,0.0304,805-12,805-12-2,11.336009871989068,4.310973147154,0.484904346420897,16.131887365563966,
6,greenhouse,84,1488,1311,36,0.5249,0.4624,0.0127,616,616-4,0.32282181449703,15.739044366053784,0.95730147890919,17.019167659460006,
6,greenhouse,85,1227,1394,57,0.4582,0.5205,0.0213,1416-3,1416-3-5,0.18495917182683,15.69560665240831,0.7950981759142499,16.67566400014939,
6,greenhouse,86,1567,1193,20,0.5637,0.4291,0.0072,616,616-6,0.21598949953044,16.235270716452288,0.8103025076391002,17.26156272362183,
6,greenhouse,87,625,1874,82,0.2422,0.7261,0.0318,805-12,805-12-6,12.551187117125071,4.299115187146,0.6289214412289229,17.479223745499993,
6,greenhouse,88,1070,1246,87,0.4453,0.5185,0.0362,1416-3,1416-3-7,0.18186594131187,13.467996578370883,0.72311169003633,14.372974209719082,
6,greenhouse,89,1453,1067,25,0.5709,0.4193,0.0098,616,616-8,0.18367089985673998,15.89798227386957,0.72455278025214,16.80620595397845,
6,greenhouse,90,183,2185,214,0.0709,0.8462,0.0829,805-12,805-12-8,11.531241900443879,4.315969845211,0.48603445249337995,16.33324619814826,
7,greenhouse,100,480,3646,156,0.1121,0.8515,0.0364,805-12,805-12-4,12.0732919037145,4.290221006680546,0.43879353033393,16.802306440728973,4.290221006680546
7,greenhouse,101,544,1506,68,0.2568,0.711,0.0321,1416-3,1416-3-5,0.155873079743166,13.074244262618421,0.436117400604,13.666234742965587,13.074244262618421
7,greenhouse,102,762,2111,86,0.2575,0.7134,0.0291,616,616-6,0.15387687831379498,14.383112852277652,0.5605746497679601,15.097564380359406,14.383112852277652
7,greenhouse,103,128,1967,486,0.0496,0.7621,0.1883,805-12,805-12-6,9.525713608602,4.210348320654241,0.35426027638437296,14.090322205640614,4.210348320654241
7,greenhouse,104,1061,1161,53,0.4664,0.5103,0.0233,1416-3,1416-3-7,0.150734220794865,12.370993534654202,0.6434271495792,13.165154905028267,12.370993534654202
7,greenhouse,105,1396,1988,67,0.4045,0.5761,0.0194,616,616-8,0.13000415981047198,14.22336242414318,0.5440872647037599,14.897453848657413,14.22336242414318
7,greenhouse,91,369,1272,52,0.218,0.7513,0.0307,616,616-1,0.135215291059083,15.093315645504637,0.62861420216286,15.85714513872658,15.093315645504637
7,greenhouse,92,653,1600,80,0.2799,0.6858,0.0343,616,616-2,0.13888734747318,15.857997079549127,0.68595419753397,16.682838624556275,15.857997079549127
7,greenhouse,93,358,1946,168,0.1448,0.7872,0.068,805-12,805-12-3,9.77179447333755,4.237400228881,0.34121309877253797,14.35040780099109,4.237400228881
7,greenhouse,94,1352,1877,81,0.4085,0.5671,0.0245,616,616-5,0.163774585616877,15.535559422543164,0.7388589576861,16.43819296584614,15.535559422543164
7,greenhouse,95,634,1395,172,0.2881,0.6338,0.0781,1416-3,1416-3-6,0.13093589051370003,12.128357751413459,0.66099601772802,12.920289659655179,12.128357751413459
7,greenhouse,96,142,1372,144,0.0856,0.8275,0.0869,805-12,805-12-7,11.837751401325871,4.359520378912,0.40088722261932,16.59815900285719,4.359520378912
7,greenhouse,97,219,2073,17,0.0948,0.8978,0.0074,805-12,805-12-1,12.02262577896429,4.355600740186,0.7519926609021599,17.13021918005245,4.355600740186
7,greenhouse,98,275,740,46,0.2592,0.6975,0.0434,1416-3,1416-3-2,0.16990845283232997,14.101338248589999,0.8190519439475701,15.090298645369899,14.101338248589999
7,greenhouse,99,730,1689,73,0.2929,0.6778,0.0293,1416-3,1416-3-3,0.17132073127325997,12.86733581599,0.69060014016741,13.72925668743067,12.86733581599
7,lab,100,1010,2532,325,0.2612,0.6548,0.084,805-12,805-12-4,12.0732919037145,4.290221006680546,0.43879353033393,16.802306440728973,
7,lab,101,1083,1845,110,0.3565,0.6073,0.0362,1416-3,1416-3-5,0.155873079743166,13.074244262618421,0.436117400604,13.666234742965587,
7,lab,102,1218,1824,73,0.391,0.5856,0.0234,616,616-6,0.15387687831379498,14.383112852277652,0.5605746497679601,15.097564380359406,
7,lab,103,784,1986,366,0.25,0.6333,0.1167,805-12,805-12-6,9.525713608602,4.210348320654241,0.35426027638437296,14.090322205640614,
7,lab,104,964,1548,66,0.3739,0.6005,0.0256,1416-3,1416-3-7,0.150734220794865,12.370993534654202,0.6434271495792,13.165154905028267,
7,lab,105,1234,1669,74,0.4145,0.5606,0.0249,616,616-8,0.13000415981047198,14.22336242414318,0.5440872647037599,14.897453848657413,
7,lab,91,1354,1953,66,0.4014,0.579,0.0196,616,616-1,0.135215291059083,15.093315645504637,0.62861420216286,15.85714513872658,
7,lab,92,1452,2023,43,0.4127,0.575,0.0122,616,616-2,0.13888734747318,15.857997079549127,0.68595419753397,16.682838624556275,
7,lab,93,542,1678,180,0.2258,0.6992,0.075,805-12,805-12-3,9.77179447333755,4.237400228881,0.34121309877253797,14.35040780099109,
7,lab,94,1256,1867,47,0.3962,0.589,0.0148,616,616-5,0.163774585616877,15.535559422543164,0.7388589576861,16.43819296584614,
7,lab,95,1103,1863,107,0.3589,0.6062,0.0348,1416-3,1416-3-6,0.13093589051370003,12.128357751413459,0.66099601772802,12.920289659655179,
7,lab,96,699,1716,204,0.2669,0.6552,0.0779,805-12,805-12-7,11.837751401325871,4.359520378912,0.40088722261932,16.59815900285719,
7,lab,97,807,1881,129,0.2865,0.6677,0.0458,805-12,805-12-1,12.02262577896429,4.355600740186,0.7519926609021599,17.13021918005245,
7,lab,98,1006,1563,122,0.3738,0.5808,0.0453,1416-3,1416-3-2,0.16990845283232997,14.101338248589999,0.8190519439475701,15.090298645369899,
7,lab,99,1528,2411,149,0.3738,0.5898,0.0364,1416-3,1416-3-3,0.17132073127325997,12.86733581599,0.69060014016741,13.72925668743067,
8,greenhouse,106,1047,1806,283,0.3339,0.5759,0.0902,1416-3,1416-3-1,0.11027991274617599,14.028708383511335,0.430259220504,14.56924751676151,14.028708383511335
8,greenhouse,107,2179,4669,228,0.3079,0.6598,0.0322,616,616-3,0.125187342415029,15.018564379010993,0.5636878295592601,15.707439550985281,15.018564379010993
8,greenhouse,108,754,1632,303,0.2804,0.6069,0.1127,1416-3,1416-3-4,0.142127050845393,12.14875496857,0.55633286835045,12.847214887765842,12.14875496857
8,greenhouse,109,650,3396,713,0.1366,0.7136,0.1498,805-12,805-12-5,10.274199209968591,4.250252365924,0.40914365555205,14.933595231444642,4.250252365924
8,greenhouse,110,1133,2305,349,0.2992,0.6087,0.0922,1416-3,1416-3-6,0.113692228458084,11.549093471610874,0.63885572379648,12.301641423865439,11.549093471610874
8,greenhouse,111,2868,4239,762,0.3645,0.5387,0.0968,616,616-7,0.10992705733802702,14.802700710949736,0.51993431431389,15.432562082601653,14.802700710949736
8,greenhouse,112,761,4254,1258,0.1213,0.6781,0.2005,805-12,805-12-7,10.66790247903369,4.277883249094,0.332357560631604,15.278143288759294,4.277883249094
8,greenhouse,113,806,1849,512,0.2545,0.5838,0.1617,1416-3,1416-3-8,0.13753063497203102,9.8020562605772,0.50999067854847,10.449577574097699,9.8020562605772
8,greenhouse,114,543,3385,449,0.1241,0.7734,0.1026,805-12,805-12-2,10.412960649892108,4.279829539396,0.35884069041438,15.051630879702488,4.279829539396
8,greenhouse,115,1740,2734,213,0.3712,0.5833,0.0454,616,616-4,0.21518397611588702,15.870299366526385,0.732862618731,16.818345961373275,15.870299366526385
8,greenhouse,116,876,1803,113,0.3138,0.6458,0.0405,1416-3,1416-3-5,0.12409112713460399,12.144345586354289,0.50811331933737,12.776550032826263,12.144345586354289
8,greenhouse,117,2306,3934,103,0.3636,0.6202,0.0162,616,616-6,0.14751888690228301,16.586191313831083,0.59205966812766,17.325769868861027,16.586191313831083
8,greenhouse,118,481,3253,720,0.108,0.7304,0.1617,805-12,805-12-6,11.290725520052131,4.331083238448652,0.46766445606315,16.089473214563935,4.331083238448652
8,greenhouse,119,2139,3291,171,0.3819,0.5876,0.0305,616,616-8,0.109954127931399,14.75895922086013,0.63638010469746,15.505293453488989,14.75895922086013
8,greenhouse,120,603,3099,864,0.1321,0.6787,0.1892,805-12,805-12-8,10.33098590329722,4.263218295997,0.37993115698758,14.974135356281801,4.263218295997
8,lab,106,2411,3446,284,0.3926,0.5611,0.0462,1416-3,1416-3-1,0.11027991274617599,14.028708383511335,0.430259220504,14.56924751676151,
8,lab,107,2002,2150,122,0.4684,0.503,0.0285,616,616-3,0.125187342415029,15.018564379010993,0.5636878295592601,15.707439550985281,
8,lab,108,1084,1271,172,0.429,0.503,0.0681,1416-3,1416-3-4,0.142127050845393,12.14875496857,0.55633286835045,12.847214887765842,
8,lab,109,583,1722,374,0.2176,0.6428,0.1396,805-12,805-12-5,10.274199209968591,4.250252365924,0.40914365555205,14.933595231444642,
8,lab,110,969,1068,119,0.4494,0.4954,0.0552,1416-3,1416-3-6,0.113692228458084,11.549093471610874,0.63885572379648,12.301641423865439,
8,lab,111,1545,2045,203,0.4073,0.5392,0.0535,616,616-7,0.10992705733802702,14.802700710949736,0.51993431431389,15.432562082601653,
8,lab,112,988,2043,619,0.2707,0.5597,0.1696,805-12,805-12-7,10.66790247903369,4.277883249094,0.332357560631604,15.278143288759294,
8,lab,113,1361,1923,339,0.3757,0.5308,0.0936,1416-3,1416-3-8,0.13753063497203102,9.8020562605772,0.50999067854847,10.449577574097699,
8,lab,114,1550,2020,453,0.3853,0.5021,0.1126,805-12,805-12-2,10.412960649892108,4.279829539396,0.35884069041438,15.051630879702488,
8,lab,115,1594,1392,172,0.5047,0.4408,0.0545,616,616-4,0.21518397611588702,15.870299366526385,0.732862618731,16.818345961373275,
8,lab,116,1413,1352,112,0.4911,0.4699,0.0389,1416-3,1416-3-5,0.12409112713460399,12.144345586354289,0.50811331933737,12.776550032826263,
8,lab,117,1844,2191,86,0.4475,0.5317,0.0209,616,616-6,0.14751888690228301,16.586191313831083,0.59205966812766,17.325769868861027,
8,lab,118,1637,2564,658,0.3369,0.5277,0.1354,805-12,805-12-6,11.290725520052131,4.331083238448652,0.46766445606315,16.089473214563935,
8,lab,119,2031,1894,111,0.5032,0.4693,0.0275,616,616-8,0.109954127931399,14.75895922086013,0.63638010469746,15.505293453488989,
8,lab,120,1572,2013,1244,0.3255,0.4169,0.2576,805-12,805-12-8,10.33098590329722,4.263218295997,0.37993115698758,14.974135356281801,
9,greenhouse,136,991,2429,212,0.2729,0.6688,0.0584,1416-3,1416-3-1,0.12022757462277,13.229056611261788,0.45982415857437003,13.809108344458929,13.229056611261788
9,greenhouse,137,1590,2433,90,0.3866,0.5915,0.0219,616,616-3,0.073643857458489,16.00962396188075,0.46597842248481003,16.549246241824047,16.00962396188075
9,greenhouse,138,727,4227,858,0.1251,0.7273,0.1476,805-12,805-12-3,9.851535908668259,4.356176353214044,0.33930730544634,14.547019567328643,4.356176353214044
9,greenhouse,139,2382,3886,136,0.372,0.6068,0.0212,616,616-5,0.14677045396875,15.380277642022898,0.47279080781253,15.999838903804179,15.380277642022898
9,greenhouse,140,904,4942,948,0.1331,0.7274,0.1395,805-12,805-12-5,9.201727585558979,4.309520059039,0.32875707613824,13.84000472073622,4.309520059039
9,greenhouse,141,1112,2564,315,0.2786,0.6424,0.0789,1416-3,1416-3-6,0.11957599856731502,13.93459875765408,0.38671288317999,14.440887639401385,13.93459875765408
9,greenhouse,142,2048,3318,372,0.3569,0.5783,0.0648,616,616-7,0.08478411564069901,15.502723036850472,0.40755618982673997,15.995063342317913,15.502723036850472
9,greenhouse,143,1080,2349,619,0.2668,0.5803,0.1529,1416-3,1416-3-8,0.066905411577381,11.324142955745554,0.34401351215394,11.735061879476874,11.324142955745554
9,greenhouse,144,850,2052,199,0.2741,0.6617,0.0642,1416-3,1416-3-2,0.085050565598691,13.588434070069242,0.43767321481448995,14.111157850482423,13.588434070069242
9,greenhouse,145,785,3684,1084,0.1414,0.6634,0.1952,805-12,805-12-2,9.161770394037061,4.283762866528,0.26183751469370997,13.70737077525877,4.283762866528
9,greenhouse,146,1298,3063,391,0.2731,0.6446,0.0823,1416-3,1416-3-3,0.139393362074652,13.654776648807337,0.50164170764985,14.295811718531837,13.654776648807337
9,greenhouse,147,2109,3126,144,0.3921,0.5811,0.0268,616,616-4,0.07574614572383101,16.140378734582757,0.46485080479386,16.680975685100446,16.140378734582757
9,greenhouse,148,1145,4706,1120,0.1643,0.6751,0.1607,805-12,805-12-4,10.19637776985264,4.350038583224461,0.30276439903242,14.849180752109522,4.350038583224461
9,greenhouse,149,1812,3500,136,0.3326,0.6424,0.025,616,616-6,0.11421666049243501,15.328920822777174,0.5563072432960199,15.99944472656563,15.328920822777174
9,greenhouse,150,586,3041,788,0.1327,0.6888,0.1785,805-12,805-12-6,9.31230154836135,4.295235293266,0.275964243780483,13.883501085407833,4.295235293266
9,lab,136,1007,1307,129,0.4122,0.535,0.0528,1416-3,1416-3-1,0.12022757462277,13.229056611261788,0.45982415857437003,13.809108344458929,
9,lab,137,1363,1286,77,0.5,0.4718,0.0282,616,616-3,0.073643857458489,16.00962396188075,0.46597842248481003,16.549246241824047,
9,lab,138,892,1688,420,0.2973,0.5627,0.14,805-12,805-12-3,9.851535908668259,4.356176353214044,0.33930730544634,14.547019567328643,
9,lab,139,1316,1137,104,0.5147,0.4447,0.0407,616,616-5,0.14677045396875,15.380277642022898,0.47279080781253,15.999838903804179,
9,lab,140,682,993,439,0.3226,0.4697,0.2077,805-12,805-12-5,9.201727585558979,4.309520059039,0.32875707613824,13.84000472073622,
9,lab,141,743,966,125,0.4051,0.5267,0.0682,1416-3,1416-3-6,0.11957599856731502,13.93459875765408,0.38671288317999,14.440887639401385,
9,lab,142,1560,1453,129,0.4965,0.4624,0.0411,616,616-7,0.08478411564069901,15.502723036850472,0.40755618982673997,15.995063342317913,
9,lab,143,515,633,138,0.4005,0.4922,0.1073,1416-3,1416-3-8,0.066905411577381,11.324142955745554,0.34401351215394,11.735061879476874,
9,lab,144,710,1067,109,0.3765,0.5657,0.0578,1416-3,1416-3-2,0.085050565598691,13.588434070069242,0.43767321481448995,14.111157850482423,
9,lab,145,677,1556,516,0.2463,0.566,0.1877,805-12,805-12-2,9.161770394037061,4.283762866528,0.26183751469370997,13.70737077525877,
9,lab,146,1309,1774,263,0.3912,0.5302,0.0786,1416-3,1416-3-3,0.139393362074652,13.654776648807337,0.50164170764985,14.295811718531837,
9,lab,147,1990,1654,114,0.5295,0.4401,0.0303,616,616-4,0.07574614572383101,16.140378734582757,0.46485080479386,16.680975685100446,
9,lab,148,698,1439,343,0.2815,0.5802,0.1383,805-12,805-12-4,10.19637776985264,4.350038583224461,0.30276439903242,14.849180752109522,
9,lab,149,1614,2223,132,0.4067,0.5601,0.0333,616,616-6,0.11421666049243501,15.328920822777174,0.5563072432960199,15.99944472656563,
9,lab,150,796,1950,1427,0.1908,0.4673,0.342,805-12,805-12-6,9.31230154836135,4.295235293266,0.275964243780483,13.883501085407833,
